ID,Eddington ratio,M_BH,sigma_* (km/s)
0,       0.0000000,358940000.0,253.296675991305
1,       0.0000000,152431000.0,206.9692251086081
2,   6.7747068e-05,156861000.0,208.37237044947062
3,   2.4251119e-08,9461710.0,107.45126008541916
4,    0.0048856451,21606600.0,130.5542296783438
5,       0.0000000,30732500.0,141.8660754550312
6,   4.1144445e-06,70566400.0,172.59176937756175
7,   5.9507395e-06,56746900.0,163.94402569285148
8,    0.0044519079,29343200.0,140.32667954122283
9,   0.00074716128,18248100.0,125.45471527217502
10,       0.0000000,11970100.0,113.57907820306508
11,   6.3162123e-08,67988400.0,171.08345786695966
12,   0.00020590358,100292000.0,187.51100549153094
13,   0.00076885540,77296200.0,176.33978729945918
14,   6.3786315e-05,62412600.0,167.66532999753196
15,    0.0010064277,6608090.0,98.72886279794241
16,   0.00040196177,20455700.0,128.87964243358988
17,   6.5787622e-06,6847920.0,99.56248360559348
18,   3.3717311e-05,4802590.0,91.5704508225391
19,   0.00048267390,10515300.0,110.1604425554892
20,   0.00034829933,4413680.0,89.76471702247562
21,   0.00032548743,9120870.0,106.52551518762736
22,   0.00051235164,5044640.0,92.6385674094929
23,   1.4170318e-05,5149110.0,93.08749777002225
24,   3.3244443e-05,34725300.0,146.01245491263325
25,   0.00079248729,12224000.0,114.14272500066294
26,   7.3916152e-06,3047610.0,82.25671493521256
27,    0.0021186740,25875700.0,136.22576839427572
28,     0.012468551,22933900.0,132.4028789141731
29,   0.00093988164,4132620.0,88.38248173443066
30,   3.1688538e-05,2304300.0,77.00775834145294
31,   9.7957774e-07,29604600.0,140.62051182351988
32,   0.00025592590,6171740.0,97.15091329241105
33,   3.5986958e-06,6364390.0,97.85776105750091
34,    0.0024143555,7623860.0,102.11513516900487
35,   5.6065439e-05,4889290.0,91.95767170925706
36,   6.0638642e-05,2751900.0,80.30025806602384
37,    0.0044358611,11143100.0,111.67742190394418
38,   1.8846728e-05,19821600.0,127.92603406384013
39,   1.2092201e-05,2618190.0,79.3624698064958
40,   0.00020519536,2211020.0,76.26088695483358
41,   0.00059463542,15118600.0,120.00979346071283
42,   0.00023479288,38981600.0,150.0488757668206
43,    0.0055337434,11073600.0,111.51275140375702
44,   0.00024943776,25794000.0,136.12420249107674
45,   0.00016771001,1628480.0,70.95429377869125
46,   0.00045265315,30559100.0,141.6768836853334
47,            -NaN,0.0,0.0
48,   6.4159218e-05,2736110.0,80.19135130469712
49,   0.00014419301,36793800.0,148.0186599612584
50,   1.3971624e-05,1912840.0,73.69934673450821
51,   1.5908042e-09,19212800.0,126.98828041792527
52,   1.0324196e-05,1055820.0,64.06099024680721
53,    0.0011357308,25572400.0,135.84747583459315
54,    0.0015433819,3451020.0,84.70409377592027
55,   3.1748222e-10,3559590.0,85.3251696195706
56,    0.0010524802,4270720.0,89.07033485231443
57,   0.00039794924,4135640.0,88.39771035553237
58,       0.0000000,16510000.0,122.52776002157653
59,   1.3046143e-05,1762660.0,72.29172964436698
60,   7.3231913e-05,1915140.0,73.72023717270365
61,   0.00011911279,2620200.0,79.37683517816419
62,   4.1235840e-05,1515120.0,69.75707434101135
63,   0.00023200180,4623940.0,90.75540377521982
64,   0.00011747507,655412.0,57.247310388495144
65,   0.00080755401,14995200.0,119.77804695560795
66,   6.8557398e-05,1330940.0,67.65698734456602
67,    0.0014063091,1584620.0,70.49886898851565
68,   4.6082174e-05,13973000.0,117.80005176401158
69,   0.00019266769,1305240.0,67.34656683892496
70,   0.00013300247,3087170.0,82.50730248578132
71,   0.00012331515,2248900.0,76.56703367549521
72,    0.0016363861,3961200.0,87.50379235735267
73,    0.0078726610,8736660.0,105.44971939530205
74,   5.3143508e-05,1160810.0,65.50943437120773
75,   2.3430063e-05,20003900.0,128.2025502056829
76,   6.2922330e-05,1574390.0,70.39126192433429
77,   5.5820723e-06,1400820.0,68.47848301498477
78,   0.00031832821,576047.0,55.53083730374182
79,   0.00011258938,837526.0,60.65536450048834
80,    0.0018742855,25070500.0,135.21387782650282
81,   6.4901915e-06,751942.0,59.1327654193973
82,   2.9308609e-05,1066350.0,64.21110310426941
83,   0.00042863866,10792700.0,110.83904018992752
84,   0.00068323155,14640100.0,119.10293361394547
85,   3.5820323e-05,1946080.0,73.99941244789323
86,   0.00010314317,1813660.0,72.77968219223554
87,   8.0306182e-06,2050200.0,74.91466506363231
88,   2.2449088e-05,1462910.0,69.18252565214681
89,    0.0016030282,3682120.0,86.00895286648257
90,      0.11377977,14423200.0,118.68438580163637
91,   2.4566126e-05,894312.0,61.601138078139016
92,   2.1935490e-05,658812.0,57.317213214738906
93,     0.011623983,9502970.0,107.56158736402597
94,   5.7506578e-05,419945.0,51.54188316748809
95,   1.2802854e-05,876023.0,61.3016737768289
96,   1.1663678e-05,1146710.0,65.32088664742732
97,   2.2323101e-06,419277.0,51.52253487751269
98,    0.0079256146,2091570.0,75.26847376003397
99,   4.4432958e-05,857226.0,60.98887093792889
100,   2.6605153e-05,698510.0,58.11366385248616
101,   4.8099867e-05,656139.0,57.26228050831603
102,   6.5968414e-06,1115430.0,64.89619325639931
103,   1.1637168e-09,1755230.0,72.21974437362782
104,   0.00017845124,2199260.0,76.16502747159475
105,   0.00054262483,17366600.0,123.99825173407824
106,   9.9461789e-05,1368250.0,68.09958890015612
107,   5.6459979e-06,923355.0,62.06721196271088
108,    0.0019349663,6591780.0,98.67133652387882
109,   7.1677015e-06,622534.0,56.55663360391067
110,   0.00023629482,1702220.0,71.69928551747368
111,   0.00028906230,1907000.0,73.64621680960994
112,   1.1771710e-10,1103430.0,64.7308505264752
113,   0.00098837058,1909440.0,73.66843002949071
114,   5.5261051e-05,879977.0,61.366818616228635
115,   1.8003395e-06,1116280.0,64.90785339093365
116,    0.0013695958,2893610.0,81.25688762138003
117,   0.00042693373,4203640.0,88.73837780581786
118,   0.00028187651,1452300.0,69.0638572020377
119,   3.2256897e-05,8816600.0,105.67648933580223
120,   2.3221829e-07,404920.0,51.100882285221196
121,   9.3310182e-06,682372.0,57.79417275654457
122,   1.4213560e-11,756353.0,59.214394314603325
123,   2.4351830e-05,620710.0,56.51750753662721
124,   5.2517551e-06,615588.0,56.407165311250594
125,   0.00043188247,1954930.0,74.0786428310709
126,   8.2389267e-06,316467.0,48.21508395215825
127,   9.1336185e-08,12245000.0,114.18894218307614
128,   1.6970285e-06,902865.0,61.7395811849229
129,   1.0958351e-05,1532980.0,69.95014217341621
130,   2.8913044e-05,630257.0,56.72133307097689
131,   1.8265344e-05,660772.0,57.35738496020917
132,   1.7597004e-06,810924.0,60.19536481361597
133,   7.9927969e-05,6148670.0,97.06514195429207
134,   1.7444240e-07,376143.0,50.2200796941952
135,   0.00010081715,10847000.0,110.97030957379408
136,    0.0015621268,9683120.0,108.03905510725882
137,   0.00030329474,800046.0,60.00393749090036
138,   0.00048199071,3386470.0,84.32772435262356
139,   1.8357064e-05,935882.0,62.26478860267177
140,   1.0070933e-07,1059110.0,64.10801401034252
141,   0.00011345814,2491430.0,78.43899941917083
142,   1.8172881e-05,456560.0,52.56817343969137
143,   0.00019105079,797151.0,59.952657397902
144,   7.3920622e-05,718462.0,58.50095665149624
145,   6.1949216e-06,281650.0,46.90774554908381
146,   1.9633431e-05,692818.0,58.00162691942913
147,   1.0384842e-05,597250.0,56.006268329401166
148,   1.4144454e-05,820357.0,60.35978136149128
149,   1.5962006e-05,1437330.0,68.8952920165003
150,   0.00010169598,358305.0,49.647908202345654
151,    0.0013639098,7565970.0,101.93172783939362
152,   4.2402965e-05,547126.0,54.86029581418984
153,   0.00076866150,2359750.0,77.44084600107053
154,   1.3642427e-05,736898.0,58.85158323642388
155,   2.6785871e-05,485613.0,53.33863039872555
156,   0.00038259896,710057.0,58.338819965912535
157,            -NaN,0.0,0.0
158,   0.00021444404,496963.0,53.63006344004377
159,   0.00026183601,10714800.0,110.64983398331259
160,   3.7463416e-05,484591.0,53.31213404562079
161,   9.8696897e-10,2279640.0,76.81259149598503
162,   4.9991281e-05,854172.0,60.93755521689454
163,    0.0040756561,899429.0,61.684085322829176
164,   0.00023571869,934790.0,62.2476461914808
165,   0.00046322160,2280140.0,76.81656463632049
166,   8.3760687e-05,697079.0,58.08556299181753
167,   0.00045920235,2299420.0,76.96926362429251
168,   0.00054932230,6608040.0,98.7286866110528
169,            -NaN,0.0,0.0
170,   9.7818920e-10,2019680.0,74.65013553813972
171,   1.9585073e-05,848135.0,60.83570286085239
172,   4.6717766e-06,306209.0,47.84183339589641
173,   3.9715392e-06,499757.0,53.70102350005601
174,   0.00011420689,78790.0,34.734715476602474
175,   6.1569810e-06,885124.0,61.45128468843999
176,   0.00011105551,175840.0,41.97509729622035
177,   0.00080351938,7256980.0,100.9342287367384
178,   3.8068737e-05,392029.0,50.71243634272019
179,   2.5240218e-05,795618.0,59.925445208134235
180,   6.2505548e-06,254336.0,45.79267300929492
181,   0.00016667530,707079.0,58.28102096193055
182,   1.9150102e-05,411789.0,51.30402008171503
183,   0.00013210424,328271.0,48.63331701490255
184,   9.6086536e-05,858422.0,61.00892901058188
185,   8.1742315e-12,573367.0,55.469796722905386
186,   2.4662286e-05,575917.0,55.52788139345481
187,   9.5679853e-11,1177310.0,65.72786593107868
188,   2.9236191e-05,717348.0,58.479550630694035
189,    0.0024770654,4963410.0,92.28456893764191
190,   1.4875712e-06,504841.0,53.829369432716355
191,   2.8448052e-05,1053630.0,64.02962660488468
192,   1.0935715e-06,305302.0,47.80837359350312
193,   1.3025349e-06,322324.0,48.4240689865305
194,   1.5559998e-05,282619.0,46.945757715354205
195,            -NaN,0.0,0.0
196,   0.00066507825,304050.0,47.76206150444359
197,   0.00010776773,1941270.0,73.95623496394477
198,   0.00010753217,438404.0,52.067465295234236
199,    0.0038648478,3321740.0,83.94475948384382
200,   3.5665249e-10,1288450.0,67.14123542508261
201,   2.6378856e-06,306526.0,47.85350986564435
202,   4.3132545e-05,384880.0,50.49279008652924
203,   0.00068882722,1844550.0,73.07015073314737
204,   0.00085032827,3736910.0,86.30909470482422
205,   0.00045181801,600271.0,56.072953260491644
206,   0.00025900485,4411030.0,89.7520029555917
207,   0.00042461270,958217.0,62.61209957522838
208,   1.5251907e-05,480911.0,53.21637129673134
209,   2.0836882e-05,430806.0,51.8532151392931
210,   6.8346271e-11,319136.0,48.31068055063979
211,   6.8103483e-05,456751.0,52.573359327681324
212,   2.3935651e-05,359344.0,49.68182518140411
213,   5.0354534e-05,799678.0,59.9974268597362
214,   3.1988040e-05,539194.0,54.67166734758607
215,   7.5835105e-07,325216.0,48.526190568567706
216,   8.7099159e-06,556836.0,55.088382449364545
217,       0.0000000,1123850.0,65.01139904478235
218,   2.6079430e-05,193693.0,42.94340606139425
219,   2.3149655e-05,594644.0,55.94853663387619
220,   1.4828217e-05,297664.0,47.5235465298209
221,   2.1088697e-06,272329.0,46.53689710207225
222,   1.3722318e-06,865049.0,61.11968483728313
223,   0.00020095352,553711.0,55.01531058461582
224,   4.2935425e-05,360202.0,49.70977717283984
225,   0.00062771215,388248.0,50.5966536515598
226,   2.3569562e-05,720447.0,58.5390365580172
227,   7.4112594e-05,166113.0,41.415501567233946
228,   0.00011721221,483943.0,53.295311881018
229,   5.3917404e-06,416075.0,51.429462086385314
230,   1.2168019e-05,558748.0,55.132936352788676
231,   0.00010049873,346034.0,49.24153617932955
232,   8.7865290e-06,189236.0,42.70827341883432
233,   0.00098325269,932759.0,62.215722450813814
234,   2.4432499e-05,413972.0,51.36803581510292
235,   7.2185288e-06,157864.0,40.920960769522644
236,   4.2346134e-05,458941.0,52.63270244879777
237,   2.7276425e-07,546132.0,54.836772798455414
238,   1.3619614e-05,423006.0,51.63024390455379
239,   3.6942923e-05,809364.0,60.168033462980745
240,   4.7817858e-05,348885.0,49.33692148918246
241,   1.1983100e-06,380222.0,50.347994417028396
242,   4.1369226e-06,528278.0,54.408579016975935
243,   4.8679609e-06,410413.0,51.263535986387296
244,   1.6149252e-05,570753.0,55.410048983820595
245,   3.8082253e-05,791163.0,59.846136710412964
246,   6.7678118e-05,526744.0,54.371275760105675
247,   0.00058461726,954757.0,62.55870407461305
248,   2.5357949e-05,227845.0,44.62003209550486
249,            -NaN,0.0,0.0
250,   2.0778221e-05,342327.0,49.11660962244678
251,   2.5202251e-06,237829.0,45.07364080870104
252,   2.8138963e-06,509415.0,53.94399907990686
253,   0.00041297128,1371380.0,68.1362983833753
254,   0.00018958940,308509.0,47.92634360642026
255,   9.1865081e-10,898500.0,61.669052949275795
256,    0.0011388699,909281.0,61.84277733774846
257,   0.00016379166,5139520.0,93.04657912823201
258,   3.1685856e-05,222181.0,44.35590436027194
259,   0.00014215223,221782.0,44.33710471037707
260,   1.4570805e-10,320708.0,48.36669992871529
261,   7.4453834e-05,512124.0,54.01151932428267
262,   2.2607980e-05,350762.0,49.399395206160285
263,   9.0073305e-06,548718.0,54.897902557945535
264,   3.5285833e-05,74828.9,34.31470871433499
265,   0.00019012839,402290.0,51.02240759558203
266,   2.4198492e-06,277982.0,46.762944894455856
267,            -NaN,0.0,0.0
268,   2.1062737e-05,383449.0,50.448450089262366
269,   6.2386636e-06,403905.0,51.07064270833733
270,   1.8166405e-05,473746.0,53.02830202473802
271,   0.00095875255,623928.0,56.586476856797184
272,   2.0822942e-05,611812.0,56.32536959180799
273,    0.0033867015,1142350.0,65.26222544418256
274,   6.4186589e-05,434435.0,51.95590366777937
275,   2.7996641e-06,185876.0,42.528200291593436
276,   9.8144575e-06,94738.3,36.27809894765064
277,   8.4214565e-06,302517.0,47.705156212179126
278,   5.1175125e-05,297879.0,47.531640010145495
279,   4.5114590e-05,411721.0,51.3020218441703
280,   8.5937702e-05,366786.0,49.922595197859295
281,   4.9133981e-07,356018.0,49.57298605565543
282,   0.00072672482,516311.0,54.11534293355478
283,   1.6347061e-05,407532.0,51.178435327437654
284,   4.0193247e-06,185617.0,42.51421669348116
285,   5.1150327e-07,526265.0,54.35961060466057
286,   5.0708242e-05,564633.0,55.26934293512799
287,   0.00023502656,879585.0,61.36037015000818
288,   1.5352672e-11,183145.0,42.37999563023027
289,   1.7515585e-06,506576.0,53.87294357087469
290,   8.3358070e-05,176134.0,41.9916389245302
291,   2.3161937e-05,242057.0,45.26135524960269
292,   6.5529921e-08,339879.0,49.03354372434285
293,   1.3601632e-05,390782.0,50.674345080809736
294,   8.4555504e-06,276542.0,46.705699157251544
295,   7.6971060e-10,1045140.0,63.90756585348889
296,   5.8329613e-05,266299.0,46.29178663524542
297,   8.8746374e-06,291046.0,47.27220419731359
298,   4.8889024e-06,119932.0,38.35285533257736
299,   1.1856690e-06,293031.0,47.348046275029674
300,   4.8111843e-05,379401.0,50.32233298813301
301,   7.2780965e-06,366239.0,49.90502593739208
302,    0.0028757684,684285.0,57.83234496594125
303,   1.5686280e-05,107360.0,37.36415063232303
304,   0.00043148569,2348440.0,77.35314639184506
305,    0.0015862847,3055950.0,82.30974944632796
306,   1.1143390e-05,78331.0,34.68688459557696
307,   5.9479894e-05,903206.0,61.74507996970895
308,   1.1749435e-05,397016.0,50.86385156493336
309,   3.5132765e-07,213279.0,43.93018550013802
310,   4.4166388e-05,358548.0,49.655847388754424
311,   0.00010497637,548407.0,54.89056257339768
312,   2.7170241e-06,289601.0,47.216745243714875
313,   6.3188174e-05,523517.0,54.29253092540242
314,   0.00020516709,761610.0,59.31120532112537
315,   3.2022620e-06,187640.0,42.62304597540216
316,   1.3627443e-07,261256.0,46.083518060517456
317,   1.0659288e-05,353670.0,49.49568194388956
318,            -NaN,0.0,0.0
319,   3.0249420e-06,297420.0,47.51435595739348
320,   0.00062221169,406193.0,51.13872660479635
321,   3.9169523e-10,803728.0,60.068953520876164
322,   4.6594419e-05,557147.0,55.09563740218448
323,   5.8920952e-05,688826.0,57.922631122108214
324,   1.7618059e-06,106727.0,37.31207541226991
325,   0.00022382691,396159.0,50.83793516396998
326,   1.5750223e-07,80096.1,34.8696647271317
327,    0.0012970865,407736.0,51.18447629569487
328,   6.3734185e-06,149416.0,40.39357873774352
329,   1.7758645e-05,248713.0,45.551853565806034
330,   2.0479341e-05,922566.0,62.05469939283746
331,   7.4018226e-05,395336.0,50.81300659449175
332,   5.9915121e-06,513638.0,54.04913607744842
333,   2.3903739e-05,237166.0,45.04397415314184
334,   1.2906506e-07,25772.9,26.687282702501143
335,   0.00010438364,122606.0,38.5528373111303
336,   2.0234568e-06,306746.0,47.86160798630821
337,   0.00010348808,305292.0,47.808004264087586
338,   0.00051349914,427258.0,51.75217759742412
339,       0.0000000,257712.0,45.93531050209613
340,   3.6677829e-05,131771.0,39.21392697098523
341,   0.00012850895,392178.0,50.71698154938916
342,    0.0011942572,1867920.0,73.28744616209568
343,   9.1467582e-06,75091.2,34.34303975624453
344,   1.8576002e-06,71927.1,33.99610657945187
345,   3.1612976e-11,146846.0,40.22862723303673
346,   2.1487790e-12,609168.0,56.267865336682235
347,   2.2159569e-05,271334.0,46.49673948795247
348,   4.2626802e-06,245927.0,45.43099153910979
349,    0.0011763282,2597960.0,79.21741567249124
350,   7.9321891e-05,676408.0,57.67463916641636
351,   3.7578193e-10,1250850.0,66.67388446340657
352,   5.1636112e-11,260672.0,46.05920175491577
353,   5.6605475e-06,288103.0,47.1590284726774
354,   9.3740249e-07,138757.0,39.69461768176828
355,   0.00011674808,656003.0,57.25948100983733
356,   0.00055610116,264957.0,46.236660321002304
357,   0.00010611331,121221.0,38.44967728571667
358,   2.1826639e-05,157178.0,40.878951677941835
359,   2.4108376e-05,656078.0,57.26102490575402
360,   8.6641358e-06,433849.0,51.93936632229481
361,   4.9880181e-06,400913.0,50.98116380800942
362,   1.1813286e-07,360168.0,49.708670486829035
363,   1.8278974e-05,124669.0,38.70485860649937
364,   2.8722310e-11,204126.0,43.47806092054896
365,   3.5610840e-05,418026.0,51.4862368254173
366,   2.4576767e-10,263048.0,46.157874129877214
367,   6.7890443e-06,447430.0,52.31832604123412
368,   1.8615846e-05,333962.0,48.83086246808205
369,   1.9307434e-11,368805.0,49.98727124422657
370,   1.0181270e-05,161119.0,41.11840941187392
371,   2.8528026e-05,538961.0,54.66609447583106
372,   8.5053897e-05,135509.0,39.47348770644774
373,    0.0013334787,659347.0,57.328187513658236
374,   2.7863961e-06,209565.0,43.748550016100396
375,   1.5943929e-05,181522.0,42.29111764990988
376,   1.0599614e-05,82967.7,35.16055447690189
377,   2.4481574e-06,250870.0,45.6447197723787
378,    0.0011012536,3632330.0,85.73322675292344
379,   1.1497074e-05,136405.0,39.53489008768823
380,   1.7360545e-06,607151.0,56.223869301526065
381,   1.6048722e-05,265068.0,46.2412280326308
382,   2.7697341e-06,159545.0,41.023314829689845
383,   0.00053404691,127519.0,38.91174249372527
384,   2.5998112e-06,341242.0,49.079849436936165
385,   5.8292359e-05,133168.0,39.31158303666183
386,   6.4779380e-06,275699.0,46.67208076546886
387,   3.6717698e-06,109516.0,37.53977691413453
388,   1.2253796e-06,140502.0,39.81179130862239
389,   1.1804132e-06,73738.5,34.19611463322268
390,   1.4851529e-05,115814.0,38.03810958650096
391,   2.0478136e-05,374368.0,50.164085704099584
392,   1.1213224e-05,61119.7,32.71538082348413
393,   3.8344171e-07,10040.2,21.366963954264527
394,   1.1625160e-05,392319.0,50.7212815030705
395,   1.6717837e-05,334791.0,48.859423541254245
396,   5.2580801e-06,336092.0,48.90413740292624
397,   2.8668496e-06,37634.2,29.17981381818644
398,   1.4843853e-05,224289.0,44.454800840216286
399,    0.0011690652,328030.0,48.62489386723101
400,   4.5080062e-05,94099.3,36.22023925176701
401,   1.0649838e-05,407979.0,51.191669141569584
402,   1.4087897e-05,725447.0,58.63460164113475
403,   4.8720581e-06,290182.0,47.23906932697615
404,   1.0525989e-06,362258.0,49.776551259675955
405,   8.0105019e-06,144269.0,40.060996318875965
406,   8.3471461e-06,263493.0,46.17627864697256
407,   2.3576065e-06,301777.0,47.677608363302795
408,   3.6365780e-05,581706.0,55.65901910141532
409,   1.6186323e-05,402976.0,51.042914362986934
410,   2.5773715e-07,116697.0,38.10631068962279
411,   1.5405566e-06,342565.0,49.12466123735826
412,   2.9431450e-05,351178.0,49.41320667493044
413,   3.5542278e-06,400021.0,50.954388891866074
414,   3.3705297e-05,242298.0,45.27197944256328
415,   7.2312825e-07,653625.0,57.21045913143317
416,   1.0856129e-06,98785.2,36.63776939375792
417,    0.0010191870,2372440.0,77.53886481009738
418,   1.1992799e-06,400433.0,50.966761445159314
419,   8.2707534e-05,992164.0,63.12831669294723
420,   4.8916580e-06,55915.1,32.035825315006846
421,   4.1177887e-06,66759.0,33.40348246049414
422,   7.0985842e-05,265438.0,46.25644318944225
423,   1.3541723e-11,234328.0,44.91626385668526
424,   5.4750772e-05,179294.0,42.168114598776455
425,            -NaN,0.0,0.0
426,   3.3547877e-06,298713.0,47.56299300582308
427,            -NaN,0.0,0.0
428,   1.5099108e-08,466973.0,52.84851296607339
429,   1.0431500e-05,85709.4,35.43119199329868
430,   1.2444785e-06,230349.0,44.73520310019551
431,   2.1797550e-06,71715.0,33.97243641231527
432,   7.3507542e-06,68156.5,33.56709735661921
433,   0.00016184408,352480.0,49.456353273816745
434,   1.1243707e-06,235337.0,44.96180369344748
435,   1.0895164e-05,267718.0,46.34984551064436
436,   7.4900697e-05,204082.0,43.47585040063451
437,   0.00047303135,429858.0,51.826281075322235
438,   1.1837419e-06,44300.9,30.32408269997712
439,   7.2605950e-11,250768.0,45.64034209646018
440,   4.6347083e-06,198668.0,43.201032614177414
441,   1.1223569e-05,97645.0,36.53759046243344
442,   1.1795957e-06,130079.0,39.09458406776886
443,   2.3799554e-06,416486.0,51.44143920857719
444,   3.4023928e-05,242839.0,45.295799395392336
445,   9.8765203e-12,131745.0,39.2121019799792
446,   1.0131840e-06,302528.0,47.70556531863455
447,   1.4195104e-06,159080.0,40.99508431297109
448,   1.0533651e-05,255465.0,45.84053392007221
449,   3.4698943e-06,214743.0,44.00111946672302
450,   4.6334875e-06,163972.0,41.2889813805445
451,   7.9124783e-05,348936.0,49.33862235406355
452,   5.4986623e-06,28483.7,27.32423521646257
453,   1.5128437e-07,276597.0,46.707889805315546
454,   4.4762483e-11,168866.0,41.576368788246334
455,   5.9604856e-05,256992.0,45.90501049313286
456,   4.0403214e-06,342391.0,49.11877518296261
457,   8.4590231e-06,133419.0,39.329045921779674
458,   0.00011087258,284185.0,47.0069791459751
459,   2.5042407e-06,168268.0,41.541596913260626
460,    0.0012662296,668525.0,57.51540192326876
461,   9.9505032e-06,237481.0,45.05807706186742
462,   7.5210233e-06,33501.9,28.390236741573943
463,   2.6136550e-09,215818.0,44.05297060613985
464,   9.4665855e-07,98861.8,36.644467799122495
465,   6.3669936e-05,300368.0,47.62501273521271
466,   4.8571404e-06,44865.7,30.414822761902865
467,   5.8951580e-05,371454.0,50.071719420261864
468,   1.0786953e-10,358561.0,49.656272003012106
469,   2.4773901e-06,158859.0,40.981645117621916
470,   3.6573362e-05,205230.0,43.53340606708535
471,   1.6740938e-06,40081.7,29.616665420021015
472,   1.4546074e-05,107680.0,37.390386941033874
473,   4.1843951e-07,276641.0,46.70964208411716
474,   5.4191082e-07,175969.0,41.982357957777154
475,   5.8319435e-05,209983.0,43.769114822577194
476,   3.4059124e-06,312829.0,48.083783079176975
477,   8.9074193e-07,41518.7,29.863732505360595
478,   1.3754484e-05,220949.0,44.29777286296633
479,   3.4671025e-05,608987.0,56.26392180453769
480,   2.2892233e-06,421524.0,51.587524798788486
481,   1.0197686e-06,103221.0,37.0192932779767
482,   1.2935612e-05,150661.0,40.472708642626586
483,   4.3709595e-05,701974.0,58.18150550015244
484,   4.9015917e-06,86247.8,35.483558879567816
485,   4.0482197e-05,400184.0,50.95928502198066
486,   4.6063716e-07,149901.0,40.42446413462078
487,   3.9484138e-06,76172.4,34.45902806719044
488,   3.8277334e-08,534298.0,54.55417624169358
489,   1.0710042e-07,137434.0,39.60502782382104
490,   0.00011392613,227595.0,44.60848037492454
491,   1.6711797e-06,104684.0,37.14237676922357
492,            -NaN,0.0,0.0
493,            -NaN,0.0,0.0
494,   0.00028044206,17388.7,24.321964756242913
495,   6.2942222e-05,37423.0,29.14110934411794
496,   1.8216832e-06,117630.0,38.17794656035294
497,   4.1573123e-06,430417.0,51.84216856606319
498,   9.3300932e-06,156511.0,40.83797154979997
499,   4.8189633e-06,126303.0,38.82390866079889
500,   3.9508402e-06,388763.0,50.61247465226187
501,   7.2853518e-10,882019.0,61.40037440661056
502,   0.00017737757,690633.0,57.95843220846834
503,   9.5040849e-06,181953.0,42.31477890036136
504,   7.0310442e-05,237524.0,45.06000111180863
505,   2.7458118e-07,64868.9,33.177979373958216
506,   8.6829447e-07,72065.9,34.01156767554879
507,   0.00034738571,429665.0,51.82079210352081
508,   7.2468602e-05,212126.0,43.87405778420855
509,   1.2288799e-05,296797.0,47.490863700876886
510,   6.3473493e-06,260181.0,46.03872550397794
511,   1.2914540e-06,323704.0,48.472886161381304
512,   7.6728761e-11,242245.0,45.26964369466581
513,   2.2989963e-06,88835.0,35.73177158697212
514,       0.0000000,285511.0,47.0586167459707
515,   7.3162417e-08,107043.0,37.338101303335755
516,   1.5216311e-05,148519.0,40.336254227300486
517,   1.3003323e-06,150256.0,40.44702260452007
518,   8.9444739e-06,206843.0,43.61386054408636
519,   5.6463465e-07,38576.7,29.35054013567574
520,   4.4652928e-05,239119.0,45.131182627171334
521,   0.00011690523,60940.9,32.69278342671244
522,   3.1480326e-07,27151.1,27.0171938211981
523,   1.1747600e-05,151398.0,40.51931583262291
524,   4.0285219e-07,258694.0,45.97653224206095
525,   9.8560504e-05,244522.0,45.369642661996664
526,   2.4902545e-08,4286.6,17.480991878757656
527,   8.6931417e-06,74461.1,34.27485452153434
528,   4.9159980e-06,45737.1,30.553123434324597
529,   1.8019674e-05,87695.0,35.62309155624636
530,   9.8565632e-05,268793.0,46.39367315155695
531,   5.0835766e-08,1428.95,13.490978394977143
532,   7.4464805e-07,127958.0,38.943295008433275
533,   2.0973981e-05,169538.0,41.61533143651734
534,   4.4418175e-07,230673.0,44.75003541623771
535,   1.5209635e-05,169344.0,41.60409542599969
536,   6.4905142e-06,224824.0,44.47978721160323
537,   9.4575856e-06,133615.0,39.342664830885596
538,   1.4083040e-05,176137.0,41.99180760787318
539,   6.4858176e-12,68608.6,33.61947878860374
540,   1.0989894e-05,333575.0,48.81751082160652
541,   4.1403166e-05,697026.0,58.08452137296156
542,   0.00024340975,198004.0,43.16693501823314
543,   1.5555832e-05,264464.0,46.21635540958262
544,            -NaN,0.0,0.0
545,   3.3637497e-06,94522.4,36.258583244263235
546,   1.9977559e-06,172910.0,41.80907776034519
547,   3.5957912e-07,104879.0,37.158682838138056
548,   0.00025033815,115246.0,37.99402815009969
549,   1.3848039e-09,84543.1,35.3168852166803
550,   1.2361824e-11,523127.0,54.28298909486246
551,   3.8663659e-05,54238.8,31.806671265937958
552,   3.9213357e-06,68216.8,33.57409918092708
553,   2.1470724e-06,24372.6,26.337971377260637
554,   7.8830183e-05,289033.0,47.19488755832356
555,   6.0420098e-06,94453.3,36.25232993912897
556,            -NaN,0.0,0.0
557,   2.0285943e-09,45778.0,30.559565069281085
558,   3.5130775e-05,140569.0,39.81626801949443
559,            -NaN,0.0,0.0
560,   7.6381769e-07,183106.0,42.37786700145247
561,   1.8406730e-05,356725.0,49.596186559731024
562,   6.1316065e-06,222456.0,44.3688464998365
563,   4.0784893e-06,50741.7,31.310611924102915
564,   1.2930427e-06,84444.3,35.30714677833842
565,   4.0588063e-07,92008.9,36.02883676432981
566,   2.1472164e-07,268621.0,46.38666974075583
567,   9.9259051e-06,164348.0,41.31129172686369
568,   9.6761816e-06,237502.0,45.059016747420394
569,            -NaN,0.0,0.0
570,   0.00050901187,385094.0,50.49941011261348
571,            -NaN,0.0,0.0
572,   4.9713443e-05,115531.0,38.0161671774641
573,   7.6176732e-09,304046.0,47.761913309162956
574,   4.8932238e-06,69457.1,33.71708023959481
575,   6.6671439e-06,87727.1,35.62616648615594
576,   4.3253497e-11,280211.0,46.85111128653466
577,   6.7740213e-06,168072.0,41.530179565241866
578,   5.3053518e-07,7213.58,19.764093275686598
579,   1.8066918e-06,84338.7,35.296728452117804
580,   4.8041871e-11,177245.0,42.053958399288774
581,   2.8569696e-05,264271.0,46.2083985496341
582,    0.0015574360,433203.0,51.9211159416114
583,            -NaN,0.0,0.0
584,   2.3928344e-06,300163.0,47.61734472423443
585,       0.0000000,224086.0,44.44530811055757
586,   4.4792647e-07,49183.6,31.081147961832112
587,   4.1983553e-11,365851.0,49.89255148667101
588,   6.5247639e-05,186201.0,42.54572622921498
589,   3.3918045e-07,18590.6,24.708391745233953
590,   1.3709583e-05,91762.7,36.006075987771275
591,   0.00098715341,515840.0,54.103695894984895
592,   4.8795335e-05,226582.0,44.561573320729245
593,   0.00024267071,264498.0,46.2177566764742
594,   0.00045424344,801826.0,60.03539686536127
595,   1.5523869e-10,273343.0,46.57770636013965
596,   1.9417247e-05,290517.0,47.25192569630596
597,   8.3145565e-06,149456.0,40.39612888314799
598,   8.1106210e-06,134491.0,39.4033470904867
599,   3.6692375e-06,233213.0,44.86576523748168
600,   2.6504235e-05,305679.0,47.82229057381072
601,   1.0733232e-05,280543.0,46.86419739256446
602,   1.4806356e-07,10003.4,21.348467371851687
603,   9.8301359e-07,63147.4,32.96817948524048
604,   5.5489631e-05,612963.0,56.350343332004115
605,   8.6279319e-06,246818.0,45.46975812305094
606,   1.2677305e-06,163946.0,41.28743719927993
607,   0.00011291058,195244.0,43.02426052385203
608,   2.4332877e-06,55776.6,32.017092538827605
609,   6.0107171e-08,392090.0,50.714297291592416
610,   3.5847817e-06,24492.6,26.36849811949759
611,   2.7195128e-06,198376.0,43.186048632542025
612,   1.6495031e-06,194320.0,42.9761512725729
613,   3.4401787e-06,88763.0,35.724939213259816
614,       0.0000000,28628.1,27.35684241046083
615,   4.7779330e-06,34410.4,28.569960955043534
616,            -NaN,0.0,0.0
617,   3.2049009e-06,153532.0,40.653297268414796
618,   1.6026560e-11,233616.0,44.88403845279839
619,   1.3412146e-06,11487.0,22.05624398346008
620,   5.0024585e-06,130628.0,39.13343636857232
621,    0.0061305036,1071720.0,64.2872206600413
622,   6.5764590e-06,216975.0,44.10855685373687
623,   1.0446085e-05,61582.5,32.77363748181243
624,   4.8900800e-07,175341.0,41.94697309843748
625,   2.3727378e-06,308533.0,47.92722291019197
626,   4.8767040e-06,4303.0,17.49674248320193
627,   5.5773026e-07,130035.0,39.091464802118445
628,   1.5088049e-07,113034.0,37.820760228432356
629,   6.0297920e-06,186320.0,42.552137572289375
630,   2.8017859e-11,220505.0,44.276762155472774
631,   0.00012161994,294473.0,47.40289580828744
632,   2.5507533e-06,73611.8,34.18224776046275
633,   6.9435994e-07,32860.9,28.261176944358912
634,   3.2017240e-05,157112.0,40.874902603524994
635,   2.6064079e-07,2861.39,15.891543958120147
636,   1.2530905e-05,175322.0,41.94590102910165
637,   1.4657900e-06,76227.0,34.464851958541146
638,   1.1083291e-05,83104.9,35.17425889824562
639,   1.7094858e-07,21471.6,25.562409629566176
640,       0.0000000,143389.0,40.00322927474828
641,   5.5259418e-06,420295.0,51.552011356675244
642,   7.4856372e-06,63120.6,32.964878991874905
643,   7.4708271e-07,100005.0,36.74396851970145
644,   9.3412860e-12,174145.0,41.87931537528562
645,   6.8782511e-06,107425.0,37.36948471414243
646,   5.8475867e-06,182544.0,42.34715437969
647,   8.0972711e-08,155086.0,40.74997116289469
648,   2.1742211e-05,167542.0,41.499255088076396
649,   0.00027407290,243569.0,45.327876730227665
650,   7.4618158e-11,271444.0,46.5011845502482
651,   1.8314103e-06,73067.6,34.122478732261456
652,   8.1508935e-07,133154.0,39.31060827086967
653,   1.1978161e-06,571438.0,55.42572609336307
654,   4.2566676e-07,1428.74,13.49051076295874
655,   1.1854622e-05,309187.0,47.95116384478806
656,   3.6145562e-05,208440.0,43.69304601955359
657,   1.2985915e-05,137638.0,39.61888498565377
658,   3.7205028e-06,220272.0,44.26572332949653
659,   4.8616659e-06,25928.3,26.72514684297263
660,            -NaN,0.0,0.0
661,   3.1869570e-06,136753.0,39.55865524689401
662,   3.2670881e-05,187464.0,42.61361358935305
663,   4.3501613e-08,4286.07,17.4804820977615
664,   3.4083514e-06,82900.0,35.15378578231512
665,   2.1237598e-05,221662.0,44.33144562528065
666,            -NaN,0.0,0.0
667,   5.1711303e-09,10005.0,21.349272651372196
668,   8.0739038e-07,86768.1,35.53392847841571
669,   5.0815275e-07,26115.6,26.770553835505563
670,   9.1177909e-07,208652.0,43.7035229138648
671,   2.2648149e-05,69660.4,33.74033006596751
672,   4.6783580e-07,125346.0,38.754327326977865
673,   9.3951010e-06,27173.5,27.022449128528464
674,   1.0510068e-06,38959.4,29.418953970682686
675,   1.8774000e-06,288325.0,47.167596411656284
676,   6.2526555e-06,190442.0,42.772310994208226
677,   2.9253081e-07,45839.7,30.569274329366014
678,   0.00066215439,95570.3,36.35298901444722
679,   2.5222453e-07,67514.0,33.49219699833728
680,   1.5665291e-05,40582.8,29.703578332361815
681,   2.3698009e-05,99372.6,36.68903438293315
682,   7.1546279e-06,166396.0,41.43213176369492
683,   2.6419363e-06,159221.0,41.00365118806834
684,   5.7339974e-11,216086.0,44.065866472411685
685,   1.1902428e-05,206945.0,43.61893204148945
686,   4.8192318e-10,136214.0,39.521826867943076
687,   3.1311748e-11,393917.0,50.769931968895335
688,   0.00016585340,303214.0,47.73105625591215
689,   8.1694421e-07,58639.6,32.39731398049657
690,   1.8471939e-05,161729.0,41.15507226360043
691,   1.0575338e-06,5714.36,18.70737790751192
692,   2.1887878e-06,68649.2,33.62416988573988
693,   6.7600105e-06,186937.0,42.58532949764529
694,   1.8161503e-06,30251.2,27.71498020580631
695,            -NaN,0.0,0.0
696,   3.7212344e-06,341093.0,49.074794291896914
697,   1.5338307e-05,92032.1,36.03097916499505
698,   0.00080726040,530820.0,54.4702126292018
699,   1.1108065e-05,200114.0,43.274987075574806
700,   8.6397476e-05,95216.7,36.32122185265117
701,   5.2885001e-07,80190.3,34.87933249884429
702,   3.2084345e-06,154759.0,40.729690283992916
703,   1.8237980e-05,148951.0,40.363894946729694
704,   8.9028770e-08,218899.0,44.2004929634917
705,   9.2423193e-07,52860.7,31.614192766356148
706,   2.8712138e-05,146023.0,40.17533804275896
707,            -NaN,0.0,0.0
708,   0.00054943044,499746.0,53.70074472484186
709,   0.00012236770,332857.0,48.792708165538194
710,   4.0906330e-05,161999.0,41.171266353262126
711,   5.9394727e-07,84550.9,35.3176536703043
712,   5.4802209e-08,214722.0,44.000104587467526
713,   1.3638225e-05,133795.0,39.35515855142255
714,   1.2732014e-06,207124.0,43.62782740678882
715,   2.1156600e-05,428252.0,51.78054850778082
716,   5.7810770e-11,272214.0,46.53226150587517
717,   8.4131261e-05,170067.0,41.645919994623945
718,   1.8094098e-11,88709.3,35.71984064349405
719,   2.6677406e-07,128737.0,38.999081505780154
720,   8.1159128e-08,113835.0,37.88380008965627
721,            -NaN,0.0,0.0
722,   2.1891476e-05,291524.0,47.29050347361967
723,   3.8599056e-11,295867.0,47.45572479412021
724,   2.1735734e-07,28593.3,27.34899568180891
725,   2.9623841e-06,180005.0,42.207493644495656
726,   4.9691326e-06,130564.0,39.12891357112072
727,   6.0388412e-07,40034.9,29.608505914163047
728,   3.5230032e-07,75736.6,34.4124288887381
729,   4.5336709e-07,22874.8,25.946929031257888
730,   5.1722943e-07,53199.9,31.66192119157314
731,   5.9257817e-07,235681.0,44.977295557905975
732,   2.0703751e-05,164169.0,41.3006754476896
733,   6.0588541e-10,439501.0,52.09816384809701
734,   0.00018568767,102248.0,36.936693842270316
735,   1.7085952e-06,205784.0,43.56109321801135
736,   3.1197119e-06,2862.0,15.89234290452302
737,   9.0931071e-07,126913.0,38.86805042642893
738,   3.5385729e-10,540524.0,54.703442976450845
739,   0.00079291806,1125120.0,65.02871839518006
740,   2.5867101e-11,117236.0,38.14774833890336
741,   3.3403063e-07,8590.83,20.59558484363773
742,   0.00011069601,154394.0,40.707013893750556
743,   2.2406034e-05,85124.2,35.37398728189837
744,   5.4291756e-09,7146.35,19.72049437536771
745,   4.8666032e-05,31628.7,28.007580646752128
746,   1.9897235e-06,45448.8,30.507591683576884
747,   2.9743445e-07,34332.0,28.554595390065156
748,   5.1241021e-08,25716.6,26.673521816534247
749,   7.2343130e-05,259973.0,46.03004234227679
750,   4.5884136e-06,47956.8,30.896533738763686
751,   3.6267463e-06,173350.0,41.83414551736206
752,   8.1501079e-05,77669.4,34.61756316856443
753,   6.9264371e-07,117735.0,38.18598126370195
754,   5.3284370e-07,7143.43,19.718593654591313
755,   4.4258741e-05,47539.3,30.832883537984696
756,   0.00020688006,78558.8,34.710649577123924
757,   2.8088475e-06,319239.0,48.31435747908747
758,   3.3096666e-08,5717.18,18.709554848734086
759,   8.5171383e-05,14369.0,23.25202517668385
760,   2.0584617e-11,200256.0,43.282227503743
761,   1.1410175e-05,98037.5,36.572176257554595
762,   1.6075491e-05,371597.0,50.07626504705516
763,   1.1054194e-07,2857.43,15.88635418782101
764,   1.1507168e-05,251030.0,45.65158397570181
765,   2.2329699e-05,28662.6,27.364614303400277
766,   0.00028679792,185252.0,42.49448474426221
767,   1.3398457e-08,118904.0,38.275066536589065
768,            -NaN,0.0,0.0
769,   5.3759861e-09,76094.7,34.45073471944045
770,   2.2876265e-07,46408.7,30.658346113248346
771,   9.1106648e-06,117203.0,38.14521552831736
772,   5.8414221e-11,397960.0,50.892349487200896
773,   5.8251231e-05,32947.7,28.278765363868715
774,   8.9092216e-06,259149.0,45.99559140180512
775,   6.1574477e-06,77970.0,34.6491152812356
776,   2.5165610e-11,159042.0,40.9927745171968
777,   5.0096244e-07,71559.8,33.95508231770692
778,   7.1098577e-12,189049.0,42.69831597095541
779,   7.6760937e-11,525308.0,54.33628032770778
780,   3.0507058e-07,18584.1,24.706353968513177
781,   2.6743042e-05,110381.0,37.60949698994454
782,   2.0895766e-11,210653.0,43.8020123906333
783,   1.8477269e-10,190275.0,42.76346195426392
784,   7.3398153e-11,194426.0,42.981679164335695
785,   1.0575384e-05,180428.0,42.23086532478562
786,   3.1201753e-05,148284.0,40.32119237882058
787,   5.5865387e-08,1428.58,13.490154436642324
788,   0.00028222092,366050.0,49.89895072742653
789,   9.0256059e-08,1429.04,13.491178792623316
790,   6.6627475e-07,11435.4,22.032836458673067
791,   3.5689825e-11,172226.0,41.77001183131489
792,   1.1099531e-05,137709.0,39.62370413970239
793,   1.7874194e-06,113121.0,37.82762374801772
794,   1.6459728e-06,521515.0,54.2434917643424
795,   4.5470880e-05,94304.4,36.23884312485172
796,   7.5183839e-13,11447.3,22.03824185511805
797,   2.0289171e-08,1428.58,13.490154436642324
798,   1.3296965e-05,150402.0,40.4562883541871
799,   4.9966193e-06,75885.4,34.42836274301968
800,   3.6540973e-05,158033.0,40.93128852635575
801,   1.2288045e-06,47243.0,30.78745131975059
802,   1.6468961e-06,158763.0,40.97580282589101
803,   2.4780094e-07,37514.1,29.157824731829287
804,   1.0277090e-07,44457.4,30.34931391955376
805,   8.7683701e-11,196693.0,43.099355414457
806,   2.8085675e-06,282923.0,46.9576625759499
807,   3.1195042e-07,60090.4,32.58459514583181
808,   7.9710083e-07,66405.1,33.36163413112478
809,            -NaN,0.0,0.0
810,   3.1917574e-06,42956.3,30.104448240123986
811,   1.6952056e-06,146956.0,40.23573242243898
812,   8.0038321e-05,308773.0,47.93601307449133
813,   1.8921062e-06,75747.3,34.41357546778699
814,   4.4622653e-08,81666.9,35.029754024844415
815,   2.0745583e-05,110218.0,37.596390991063714
816,            -NaN,0.0,0.0
817,   1.2573055e-08,31456.7,27.971584073498047
818,            -NaN,0.0,0.0
819,   2.5393294e-10,426988.0,51.744462503483724
820,   1.5529594e-07,30098.1,27.681834843289966
821,   1.5729469e-09,1428.6,13.490198979099583
822,            -NaN,0.0,0.0
823,   4.1921984e-09,17146.7,24.24170400504938
824,   9.9377825e-06,187488.0,42.614900222176715
825,   6.8746256e-07,20043.6,25.150844540988842
826,   5.2418988e-05,31712.1,28.024980971919312
827,   3.6214318e-08,54289.1,31.81362561442474
828,   6.0874040e-05,74831.9,34.31503317324236
829,            -NaN,0.0,0.0
830,   1.6712764e-05,100740.0,36.8074825721753
831,   5.0467679e-13,11439.3,22.03460844847285
832,   1.6026486e-07,1428.85,13.490755719613606
833,   1.5829345e-05,105486.0,37.20929285105339
834,   4.2103262e-06,227013.0,44.5815503601473
835,   1.2214706e-07,90116.8,35.8527044136325
836,   1.0979385e-06,57223.1,32.21101262899808
837,            -NaN,0.0,0.0
838,            -NaN,0.0,0.0
839,   9.7437226e-07,224752.0,44.47642720742556
840,            -NaN,0.0,0.0
841,   1.6116225e-05,152408.0,40.582906507818485
842,            -NaN,0.0,0.0
843,   3.4847257e-11,94341.7,36.24222314837702
844,   2.4343176e-06,84576.6,35.32018524324299
845,   6.6111305e-06,62275.0,32.86018678885879
846,   4.9508664e-05,121709.0,38.48612764965113
847,   7.1935096e-08,158308.0,40.94807602230621
848,   2.3737660e-06,139495.0,39.74430968946
849,   1.5217705e-06,40222.7,29.641204618489027
850,   1.9147949e-11,98282.4,36.59370245948425
851,   2.2025569e-06,35884.0,28.853913397783494
852,   3.8124706e-07,47669.3,30.852748401692992
853,   4.7233723e-07,98580.9,36.61988463427866
854,   5.7361743e-06,174526.0,41.90090698213001
855,   6.1192166e-06,209620.0,43.75125770148232
856,   1.5585096e-08,134360.0,39.39429170340946
857,   2.4701937e-06,161767.0,41.15735268035507
858,   1.5414762e-06,124293.0,38.67729538021957
859,   2.3603517e-11,109119.0,37.50763726384247
860,   2.9249132e-06,142559.0,39.948495656064125
861,   8.0170595e-09,14287.0,23.220661185405618
862,   4.6921289e-07,60071.8,32.58221608421481
863,            -NaN,0.0,0.0
864,   7.5132903e-08,107969.0,37.414030455264914
865,   2.8492128e-05,225059.0,44.49074817340894
866,   3.0903302e-06,235673.0,44.97693547829654
867,   3.2036612e-07,108791.0,37.48101612129376
868,   1.3100342e-07,60030.2,32.57689313418253
869,            -NaN,0.0,0.0
870,   9.1942601e-08,14290.3,23.221926047846186
871,   4.1602474e-05,126509.0,38.83883373477184
872,   0.00068859783,150570.0,40.46694181182816
873,   1.0678366e-05,68406.1,33.59604934793343
874,   3.5141541e-08,5714.38,18.70739334970152
875,   3.9826442e-06,154338.0,40.70353115265162
876,            -NaN,0.0,0.0
877,   3.2196899e-08,70008.2,33.77998527566964
878,   7.3238090e-13,20014.9,25.14234626918374
879,            -NaN,0.0,0.0
880,   2.1226655e-08,5714.32,18.70734702300879
881,   1.6424241e-07,273034.0,46.56528267523664
882,            -NaN,0.0,0.0
883,            -NaN,0.0,0.0
884,   3.8746672e-07,38587.5,29.35247790677054
885,   2.9962512e-05,158317.0,40.94862505455963
886,   2.6039943e-05,74411.9,34.269511891670454
887,   1.5348066e-05,151212.0,40.507569751117764
888,   1.5068908e-05,80830.9,34.94484829632345
889,   1.3778493e-07,4286.46,17.48085722430779
890,            -NaN,0.0,0.0
891,   8.1085471e-06,31781.7,28.03947535858179
892,   1.1812257e-05,295082.0,47.4259987851433
893,   3.3873579e-06,46226.7,30.62994688073193
894,   5.8078748e-13,5741.82,18.728541243838855
895,   3.8805205e-11,65729.5,33.281269544469986
896,   4.1747857e-10,172095.0,41.76251638368795
897,   4.0388017e-07,62099.5,32.83832248250384
898,   6.2451557e-08,5714.8,18.707717626143456
899,   3.2283075e-08,41431.0,29.848842842229956
900,   2.1867053e-06,40099.9,29.619836595139127
901,   2.1285715e-07,89042.7,35.751457405758906
902,   3.3054952e-07,124758.0,38.71137358121847
903,            -NaN,0.0,0.0
904,   2.8196761e-06,106212.0,37.26953333335298
905,            -NaN,0.0,0.0
906,            -NaN,0.0,0.0
907,   1.9167238e-06,266874.0,46.31534138064696
908,   1.2156157e-10,158847.0,40.980914978720506
909,   1.1695694e-06,177397.0,42.062461324679354
910,   5.7069258e-07,7154.62,19.7258743624536
911,   1.7618755e-06,60079.9,32.58325219635752
912,   6.8733428e-08,120227.0,38.37508387741037
913,   9.3957526e-07,4313.19,17.506505894861814
914,   1.0840241e-06,67150.2,33.44954467547256
915,   6.8656607e-06,211512.0,43.844073253053836
916,       0.0000000,210102.0,43.77496367572062
917,   2.4019966e-07,114801.0,37.95937638694545
918,   9.4884481e-07,74301.1,34.257470223615805
919,   8.6157647e-06,51696.4,31.448564133242552
920,   7.1000666e-05,211971.0,43.8664946636357
921,            -NaN,0.0,0.0
922,            -NaN,0.0,0.0
923,   1.8494443e-05,330663.0,48.716664226579816
924,            -NaN,0.0,0.0
925,   1.9373919e-06,221740.0,44.335124296805866
926,            -NaN,0.0,0.0
927,            -NaN,0.0,0.0
928,   4.6366378e-07,152878.0,40.612388464291016
929,   1.7469608e-06,161942.0,41.16784931939573
930,   2.3380999e-10,295627.0,47.44664299038739
931,   1.2278822e-05,88599.2,35.709379771940036
932,   1.0741855e-07,77474.9,34.59709795709424
933,   1.8959275e-11,234778.0,44.93659246661787
934,   4.5315451e-08,7144.13,19.719049360928487
935,   1.8392428e-11,57184.7,32.20591333860449
936,   4.8185939e-07,28607.3,27.35215328862988
937,   2.2653233e-07,100071.0,36.749686372140424
938,   0.00020729380,204928.0,43.51828901164206
939,            -NaN,0.0,0.0
940,   1.7356517e-06,65836.6,33.294051372562585
941,   1.5142848e-05,101666.0,36.886999497736525
942,   5.2733489e-07,4288.03,17.482367085347136
943,            -NaN,0.0,0.0
944,   3.9723796e-06,75757.8,34.41470049514098
945,   4.0497565e-10,199221.0,43.22936375812036
946,   3.8798196e-08,90078.6,35.84911945610158
947,            -NaN,0.0,0.0
948,   3.1042311e-05,271110.0,46.48768346581456
949,            -NaN,0.0,0.0
950,   3.6591496e-06,51403.7,31.406478002203652
951,   2.5277060e-06,180667.0,42.244052093991094
952,   4.3763693e-12,104347.0,37.11414173717611
953,            -NaN,0.0,0.0
954,   3.9852067e-05,187399.0,42.61012832658801
955,   1.0489808e-05,61638.8,32.78070160434302
956,   1.5701744e-06,102515.0,36.95941946276534
957,   3.9539790e-07,77148.7,34.562687015028224
958,   1.4794892e-06,123071.0,38.58727256895358
959,   9.1905704e-07,74378.9,34.265926907776574
960,   9.1584113e-07,81445.1,35.007292571721585
961,   2.3032125e-05,397308.0,50.87267212623252
962,   3.0232469e-06,82912.1,35.15499585892695
963,            -NaN,0.0,0.0
964,            -NaN,0.0,0.0
965,   4.2443388e-12,77197.6,34.567852567053386
966,            -NaN,0.0,0.0
967,   7.0305428e-11,82870.0,35.15078501012463
968,            -NaN,0.0,0.0
969,   6.9533772e-07,80049.1,34.86483785499719
970,   1.2172941e-06,72891.5,34.103064978047904
971,   1.6129610e-07,121617.0,38.47926441323089
972,   7.3784163e-11,735171.0,58.81902457820289
973,   7.3434537e-07,15717.6,23.749222157588896
974,   9.9726279e-07,141456.0,39.875381199414896
975,   1.3157844e-08,2857.2,15.886052592932298
976,            -NaN,0.0,0.0
977,            -NaN,0.0,0.0
978,            -NaN,0.0,0.0
979,   2.6110650e-05,48633.8,30.99885194974954
980,   7.7783854e-12,22868.3,25.94518993622542
981,            -NaN,0.0,0.0
982,   2.4969468e-07,37635.2,29.179996682753597
983,            -NaN,0.0,0.0
984,            -NaN,0.0,0.0
985,            -NaN,0.0,0.0
986,   5.8876640e-08,5714.5,18.70748600197189
987,   2.3702331e-11,137313.0,39.59680119709403
988,            -NaN,0.0,0.0
989,   3.8143626e-12,32870.9,28.263205068078314
990,            -NaN,0.0,0.0
991,   5.7283777e-06,35744.6,28.827437762054924
992,   6.9033683e-06,76506.0,34.494561741627074
993,            -NaN,0.0,0.0
994,   1.5377526e-06,27185.4,27.025239664201695
995,            -NaN,0.0,0.0
996,   2.8048615e-07,2857.41,15.88632796291494
997,            -NaN,0.0,0.0
998,            -NaN,0.0,0.0
999,   1.1992457e-05,94389.7,36.246571274221985
1000,            -NaN,0.0,0.0
1001,            -NaN,0.0,0.0
1002,            -NaN,0.0,0.0
1003,   4.4646784e-07,88708.1,35.71972668203668
1004,   6.3425417e-07,31430.1,27.96600374143568
1005,   5.5462783e-07,91471.0,35.979048335254994
1006,   1.9377695e-07,138588.0,39.68320993775584
1007,   2.7662387e-05,22686.1,25.89628735973866
1008,   1.2444164e-06,68578.0,33.61594173200416
1009,            -NaN,0.0,0.0
1010,            -NaN,0.0,0.0
1011,            -NaN,0.0,0.0
1012,            -NaN,0.0,0.0
1013,            -NaN,0.0,0.0
1014,   4.7926744e-08,62913.4,32.93932553460949
1015,            -NaN,0.0,0.0
1016,            -NaN,0.0,0.0
1017,       0.0000000,75778.8,34.41695019243868
1018,            -NaN,0.0,0.0
1019,            -NaN,0.0,0.0
1020,            -NaN,0.0,0.0
1021,            -NaN,0.0,0.0
1022,            -NaN,0.0,0.0
1023,            -NaN,0.0,0.0
1024,   2.1835819e-08,20003.2,25.13887914493732
1025,            -NaN,0.0,0.0
1026,            -NaN,0.0,0.0
1027,            -NaN,0.0,0.0
1028,   3.8826109e-06,154393.0,40.70695171041063
1029,   1.5374814e-07,5715.73,18.708435602033198
1030,            -NaN,0.0,0.0
1031,   4.4956993e-10,657117.0,57.28239914752001
1032,            -NaN,0.0,0.0
1033,            -NaN,0.0,0.0
1034,   1.2085735e-07,67020.0,33.434236973101214
1035,            -NaN,0.0,0.0
1036,            -NaN,0.0,0.0
1037,            -NaN,0.0,0.0
1038,            -NaN,0.0,0.0
1039,            -NaN,0.0,0.0
1040,            -NaN,0.0,0.0
1041,   2.9803441e-07,71276.6,33.923341304783236
1042,   2.1050235e-06,8579.69,20.589282912984437
1043,   1.2220229e-09,8572.67,20.585308466138933
1044,            -NaN,0.0,0.0
1045,            -NaN,0.0,0.0
1046,            -NaN,0.0,0.0
1047,       0.0000000,101473.0,36.87047210731696
1048,            -NaN,0.0,0.0
1049,            -NaN,0.0,0.0
1050,            -NaN,0.0,0.0
1051,            -NaN,0.0,0.0
1052,   1.1231386e-05,72924.3,34.10668365536561
1053,            -NaN,0.0,0.0
1054,            -NaN,0.0,0.0
1055,   2.1641610e-10,237411.0,45.05494431803138
1056,   3.5413762e-12,15714.3,23.748046052625668
1057,            -NaN,0.0,0.0
1058,            -NaN,0.0,0.0
1059,            -NaN,0.0,0.0
1060,            -NaN,0.0,0.0
1061,   5.0319142e-11,83246.4,35.18837473312439
1062,            -NaN,0.0,0.0
1063,            -NaN,0.0,0.0
1064,            -NaN,0.0,0.0
1065,   1.3358038e-10,25723.8,26.675282928627137
1066,            -NaN,0.0,0.0
1067,            -NaN,0.0,0.0
1068,            -NaN,0.0,0.0
1069,            -NaN,0.0,0.0
1070,   1.0282086e-06,91805.6,36.010045375150796
1071,            -NaN,0.0,0.0
1072,            -NaN,0.0,0.0
1073,            -NaN,0.0,0.0
1074,            -NaN,0.0,0.0
1075,            -NaN,0.0,0.0
1076,            -NaN,0.0,0.0
1077,   1.2205689e-11,91687.0,35.99906827060714
1078,            -NaN,0.0,0.0
1079,            -NaN,0.0,0.0
1080,            -NaN,0.0,0.0
1081,            -NaN,0.0,0.0
1082,            -NaN,0.0,0.0
1083,   1.6456015e-08,65883.2,33.299607879925524
1084,            -NaN,0.0,0.0
1085,            -NaN,0.0,0.0
1086,   1.3200742e-06,140067.0,39.78268635029776
1087,            -NaN,0.0,0.0
1088,            -NaN,0.0,0.0
1089,            -NaN,0.0,0.0
1090,            -NaN,0.0,0.0
1091,            -NaN,0.0,0.0
1092,   7.7531048e-12,44286.7,30.321789981108584
1093,            -NaN,0.0,0.0
1094,            -NaN,0.0,0.0
1095,   1.5207673e-11,18571.4,24.70237089413635
1096,            -NaN,0.0,0.0
1097,   1.2074872e-05,83206.6,35.18440619725654
1098,   2.2566391e-05,118953.0,38.278786009015896
1099,            -NaN,0.0,0.0
1100,            -NaN,0.0,0.0
1101,            -NaN,0.0,0.0
1102,            -NaN,0.0,0.0
1103,            -NaN,0.0,0.0
1104,            -NaN,0.0,0.0
1105,            -NaN,0.0,0.0
1106,            -NaN,0.0,0.0
1107,   2.8224185e-11,90290.0,35.868944170297844
1108,            -NaN,0.0,0.0
1109,            -NaN,0.0,0.0
1110,            -NaN,0.0,0.0
1111,            -NaN,0.0,0.0
1112,            -NaN,0.0,0.0
1113,            -NaN,0.0,0.0
1114,            -NaN,0.0,0.0
1115,   1.6198909e-07,120206.0,38.3735028851241
1116,            -NaN,0.0,0.0
1117,            -NaN,0.0,0.0
1118,            -NaN,0.0,0.0
1119,            -NaN,0.0,0.0
1120,            -NaN,0.0,0.0
1121,            -NaN,0.0,0.0
1122,            -NaN,0.0,0.0
1123,            -NaN,0.0,0.0
1124,            -NaN,0.0,0.0
1125,            -NaN,0.0,0.0
1126,            -NaN,0.0,0.0
1127,            -NaN,0.0,0.0
1128,            -NaN,0.0,0.0
1129,            -NaN,0.0,0.0
1130,            -NaN,0.0,0.0
