,L_HALPHA (total),log L_HALPHA (total),L_HBETA (total),log L_HBETA (total),L_OIII5007 (total),log L_OIII5007 (total),L_NII6583 (total),log L_NII6583 (total),L_SII6716 (total),log L_SII6716 (total),L_SII6731 (total),log L_SII6731 (total),L_OII3726 (total),log L_OII3726 (total),L_OII3729 (total),log L_OII3729 (total)
3C278,6.004472462519526e+39,39.77847485742072,9.359328067018757e+39,39.97124467061194,0.0,-inf,1.7459271587635536e+38,38.24202612069433,1.2851405181294407e+38,38.10895061631461,2.250666833706203e+37,37.35231121113032,,,,
ARK402,1.6568034943828836e+40,40.219271001861735,3.6337949667408716e+39,39.56036041903004,4.05947962600085e+39,39.6084703660795,1.4249980300037925e+40,40.1538142639522,1.3702892915723613e+40,40.136812263850175,6.63675553900946e+39,39.82195582095461,1.3023183490993342e+39,39.114717159621904,3.3413961442767924e+39,39.523927967130085
ESO103-G35,1.0272861500021596e+41,41.01169143294216,3.4607905489954383e+40,40.539175316090414,2.643174689652879e+41,41.42212586697022,1.0230841716130193e+41,41.009911365641074,2.6700472049747844e+40,40.42651893952144,3.6079548464496345e+40,40.55726109370902,0.0,-inf,8.21204348654311e+39,39.914451240493456
ESO137-G34,2.7523098970546187e+41,41.43969733181768,1.0023435536473988e+41,41.0010166016516,7.469261512024016e+41,41.87327766512098,3.2487159201369157e+41,41.51171173667248,1.0620032038040614e+41,41.026125826907716,1.0299787310674572e+41,41.012828256670794,0.0,-inf,0.0,-inf
ESO138-G01,3.0773748361455205e+41,41.48818039821529,1.0607815651228288e+41,41.02562596370493,8.471556462813967e+41,41.92796320975348,8.576970401560334e+40,40.93333391136468,5.146579006346607e+40,40.71151864411992,4.88902190432083e+40,40.68922198304096,1.3406600809297448e+41,41.1273186781575,6.053239525461016e+40,40.78198785919718
ESO202-G23,7.856694146265512e+40,40.895239846797104,1.6957456565755866e+40,40.22936071335158,2.6538622433710184e+40,40.42387837576408,1.1672793499173892e+41,41.06717480258307,4.5108395861160035e+40,40.65425738304908,2.9767395985796183e+40,40.473740844775605,3.046720987789517e+38,38.48383268428121,0.0,-inf
ESO287-G42,1.293808738311397e+40,40.11187008001486,2.939609611466486e+39,39.46828965869673,5.524919586628344e+39,39.742325961391046,6.06675063508848e+39,39.78295614427144,7.073536452481346e+39,39.84963659594725,3.1475528447054845e+39,39.497973030271986,2.0039560154705087e+39,39.30188818503549,9.661618836801909e+37,37.98504990001668
ESO323-G77,3.796943236589259e+41,41.5794341045877,1.3493124762324152e+41,41.13011253602376,1.2057254483120762e+41,41.08124842732529,2.1433505773562555e+41,41.33109321227324,4.494078004336716e+40,40.65264060625823,3.5638421418669773e+40,40.551918458991544,1.409225827056854e+40,40.14898059395108,2.783102783790414e+40,40.44452924571914
ESO339-G11,1.5023858358690723e+42,42.17678148051782,5.203664052548087e+41,41.71630925083457,1.596932862844564e+42,42.203286658211724,1.2408588000580517e+42,42.09372236502451,2.73357585800442e+41,41.43673113026914,2.3454022411930627e+41,41.37021733581432,4.528965050290079e+40,40.65599896927542,1.590397897424708e+41,41.20150579289739
ESO350-IG38,3.5493301555513464e+42,42.55014639891512,1.2400806446988196e+42,42.09344992904033,4.177368584577062e+42,42.620902796353406,5.645914289910531e+41,41.75173428087759,3.0459431267184028e+41,41.483721790010215,2.339921830933324e+41,41.369201349307,1.2824718832172414e+42,42.1080478524603,1.6695383496349184e+42,42.222596399337405
ESO362-G08,9.8709402208246e+40,40.994358521795085,3.3743525362255856e+40,40.52819045363525,2.5027474519563634e+41,41.39841702789212,1.2379960096060049e+41,41.09271924483847,1.9624431764823378e+40,40.29279709038675,1.4896989421688533e+40,40.173098509375016,2.538429905567913e+40,40.40456517560143,2.313946148596917e+40,40.36435324759786
ESO362-G18,1.5334069251696347e+41,41.18565742028461,5.343174511896928e+40,40.727799358782605,1.5650033919619685e+41,41.19451528316603,7.181383702470361e+40,40.85620813177016,3.1202118891174094e+40,40.494184087335704,2.216700196064414e+40,40.34570695969124,3.624971331864041e+40,40.55930457629667,5.934666944637311e+40,40.773396351232506
ESO383-G35,1.2276441533450023e+41,41.089072499839006,4.294359350080258e+40,40.632898383189904,5.109372963846027e+40,40.70836760560423,3.270854531162505e+40,40.51466122962842,4.891697375072218e+39,39.68945958156099,4.648252357968755e+39,39.66728969827603,4.7893282979842894e+39,39.68027460800025,7.02654715280073e+39,39.846741965010516
ESO420-G13,7.661783933122719e+41,41.884329900456294,2.6629518716998772e+41,41.42536331737997,3.562576736235655e+41,41.55176422761721,5.3963502916560616e+41,41.73210013314138,1.0720611103574307e+41,41.03021954201215,9.312959204190196e+40,40.96908770051383,3.3031176292389655e+40,40.51892403987966,1.2025787629844444e+41,41.08011353012639
ESO443-G17,3.3040453092800236e+41,41.51904599428859,1.1550035324458366e+41,41.06258331247006,3.0965074435959155e+40,40.49087212833356,1.841832200516681e+41,41.265250061415024,5.70895148391034e+40,40.75655635227984,4.689259654608129e+40,40.671104281244155,2.779885063671416e+40,40.44402684007449,4.3849752072211975e+40,40.64196714219523
ESO460-G09,7.85140697467373e+40,40.89494748943115,2.3024064274661412e+40,40.36218198898359,2.788993672283188e+40,40.44544752893238,4.888167313482549e+40,40.6891460626352,3.174274982169406e+40,40.50164454625813,1.7939137813502426e+40,40.25380156625343,2.213133907654349e+40,40.345007692099855,3.3429853379623107e+40,40.5241344718196
ESO500-G34,3.491099053569813e+41,41.542962171303,1.207632067509694e+41,41.08193463677703,1.272657195616158e+41,41.104711437352435,2.565870323647151e+41,41.40923470381304,6.214836349679948e+40,40.793429697198626,4.96177437748942e+40,40.69563701208469,3.162359811616382e+40,40.500011282202564,1.4671011415327217e+41,41.16646005501262
ESO565-G19,2.2891494026798915e+41,41.35967413808391,7.851552877869324e+40,40.89495555987817,1.0277729887896914e+41,41.011897199675545,1.6734599091799823e+41,41.22361531249274,6.779482654347301e+40,40.83119655390619,5.24495084201503e+40,40.71974142214985,6.127270172213873e+40,40.78726703027724,5.518010755958053e+40,40.741782542690586
FAIRALL49,2.2840692002572308e+42,42.358709257557436,8.010775971759586e+41,41.90367458648759,2.5155581232373527e+42,42.400634356370425,1.627653153746727e+42,42.21156186402836,2.0458116789571066e+41,41.31086565354332,2.7912103072280803e+41,41.44579256018182,1.9264532101129223e+40,40.28475846528956,6.22528059660188e+41,41.79415893148013
FAIRALL51,7.370250765090543e+40,40.86748226452694,2.4766784666189936e+40,40.39386962820995,1.0961989234599103e+41,41.03988937123039,3.797607628002361e+40,40.57951009104968,9.385869912938459e+39,39.97247453064736,9.164171559931891e+39,39.96209321090085,0.0,-inf,1.0112051837625027e+39,39.004839287276994
IC1368,8.703135259254663e+40,40.93967573313642,2.8288506128987145e+40,40.451610013661735,1.060619784646986e+41,41.025559724124115,1.0286750384984487e+41,41.0122782015106,2.0531264200027455e+40,40.312415691610845,1.7855796022142507e+40,40.25177921606999,0.0,-inf,0.0,-inf
IC1459,1.955872194654225e+40,40.29134047265513,8.672681694673674e+39,39.93815340717856,3.800515419675083e+39,39.57984249891717,2.9298514027783696e+40,40.46684559421421,7.18892951654874e+39,39.85666422561682,4.570656673296496e+39,39.65997860031083,7.307106013402895e+39,39.86374540824872,2.2493617479023163e+39,39.35205930536188
IC1481,4.753570429113801e+41,41.67701993282027,1.6008607262686653e+41,41.20435355025532,4.265806152055731e+41,41.63000111623171,4.8425766795207365e+41,41.68507650625828,2.3518605222611076e+41,41.37141156221341,1.893794356019571e+41,41.27733281791183,3.353994786334689e+40,40.525562383175306,1.811708575598038e+41,41.25808834003593
IC1657,2.388318232941154e+41,41.37809219415003,7.745202921321206e+40,40.88903280059175,5.289806777312078e+40,40.72343980869308,9.756707651569816e+40,40.9893032920544,5.231932152536318e+40,40.71866210344118,3.4494351467266504e+40,40.53774798413302,0.0,-inf,0.0,-inf
IC1816,2.8753420718516755e+41,41.458689518966644,9.77617911938636e+40,40.990169150125205,4.960968332067495e+41,41.695566454762,2.5764869246155497e+41,41.41102794280651,5.937045312689176e+40,40.773570363559,7.441544564345345e+40,40.87166308691043,3.370180299331993e+39,39.52765313556285,4.584574589176527e+40,40.66129904291886
IC1858,9.553056841020552e+39,39.98014236182072,4.404048734170335e+39,39.64385211612718,8.211500138264194e+38,38.91442250453186,7.402625727358403e+39,39.86938579224969,3.994918332140349e+39,39.60150790548647,2.650040064252626e+40,40.4232524398056,4.49158493420094e+38,38.65239961644186,0.0,-inf
IC2560,5.922096843161943e+40,40.77247550506391,1.906542569515751e+40,40.280246506698276,1.90947788811883e+41,41.28091463357942,5.623829904527944e+40,40.750032176762474,1.3785942319684493e+40,40.13943645707597,1.4762704828243244e+40,40.16916593637322,0.0,-inf,0.0,-inf
IC3639,8.477498552402614e+41,41.92826772429104,3.0119520074205577e+41,41.47884804751589,7.368058349683396e+41,41.86735305650003,4.55603300177796e+41,41.65858686124511,1.57515665758873e+41,41.197323753137034,1.354583188347986e+41,41.131805681300605,3.314422460782348e+41,41.5204078633752,2.780153595934278e+41,41.444068790171315
IC4329A,2.7155382467380464e+41,41.43385592395071,9.390666480956318e+40,40.972696416412,5.171856829594591e+41,41.71364649397756,1.3000747024662192e+41,41.11396830764281,4.52020515510706e+40,40.65515814625142,4.1848915435788013e+40,40.62168420721922,1.8209156606197361e+40,40.26028983103616,1.0860931629280754e+40,40.03586707977422
IC4777,1.7268518627532628e+41,41.237255083399404,6.70991913648227e+40,40.82671728637001,2.14550371190218e+41,41.331529270235386,1.5978184746048758e+41,41.20352743833502,4.1084616901851406e+40,40.613679241700595,3.4308098765055954e+40,40.53539665164046,5.025622567290821e+40,40.70118986923508,1.973596708878735e+40,40.2952584122635
IC4995,1.6832334810676069e+41,41.22614436107767,6.051782832951836e+40,40.78188333505788,5.756164508970591e+41,41.760133197411406,1.3192753138657219e+41,41.120335436043575,3.630256024356646e+40,40.55993725480041,3.6536800669570696e+40,40.56273051585771,1.64707211609138e+40,40.21671261491649,3.4375136158900845e+40,40.53624442706936
IC5063,5.799800695438214e+41,41.76341306970801,2.0016879883398048e+41,41.30139638308204,1.4787382346012947e+42,42.16989130223916,3.726284212517817e+41,41.57127597649174,1.568160787678869e+41,41.1953905899949,1.420714665351925e+41,41.15250686349663,2.0125202469108971e+40,40.303740258270935,3.536131064737058e+41,41.5485283535235
IC5169,1.110233070313973e+41,41.0454141594406,3.69049793719832e+40,40.567084966914656,4.753468468349513e+40,40.677010617407184,7.049350210164453e+40,40.84814908675795,1.6975941230240226e+40,40.22983386305664,1.1484387096761702e+40,40.06010782255264,6.718933863190295e+39,39.8273003661987,2.130515116570319e+40,40.32848461998204
IRAS01475-0740,7.164815295483938e+41,41.85520499903398,2.4917057407104417e+41,41.39649675278191,9.363943981233773e+41,41.971458806913326,3.9266119810082574e+41,41.59401798738378,4.0638243447284346e+40,40.60893492768043,4.512114327866146e+40,40.65438009525994,8.180532016280053e+40,40.91278154868616,8.219405300504694e+41,41.91484039612248
IRAS11215-2806,2.3290341462204596e+40,40.36717585581953,7.027857417904932e+39,39.8468229418891,4.922441054534297e+40,40.69218052423245,1.242700244397886e+40,40.09436638374745,5.1966122493568885e+39,39.715720312696035,4.8777417705645316e+39,39.68821880487738,3.6300263194575485e+38,38.55990977389389,3.997310288436065e+39,39.60176786137625
MARK1210,3.840684121096162e+41,41.58440858987642,1.3779521994237701e+41,41.139234152341885,1.164962732510415e+42,42.0663120323801,1.839430216665312e+41,41.26468331644437,4.308210044234498e+40,40.63429686891291,6.147774573172036e+40,40.78871793439336,4.0004679784270656e+40,40.60211079846807,1.4153784627842319e+40,40.15087258284397
MARK1239,7.77454895173918e+41,41.89067520239946,3.0098424462416744e+41,41.47854376253115,6.361343007921252e+41,41.803548813660356,2.172064019591656e+41,41.33687262153635,3.210766444895454e+40,40.50660871560009,2.3299161295836406e+40,40.36734028792962,6.111017680587762e+39,39.786113540236045,3.3193061842091674e+40,40.52104731507185
MARK573,4.636558512986329e+41,41.66619574491414,1.6411416701944074e+41,41.21514607278252,1.5892948736464505e+42,42.20120448255454,3.680464744663641e+41,41.565902661961324,1.2840229819089289e+41,41.10857279696251,1.128337921358232e+41,41.05243918422455,8.633912423995595e+40,40.936207639181454,2.262920756309405e+41,41.35466934595644
MARK938,1.314060100581643e+42,42.11861522881133,4.52247418664791e+41,41.65537609667538,6.501513743714725e+41,41.81301448495118,1.4754193095914813e+42,42.16891546300074,3.192671560425305e+41,41.50415424367833,2.2902005684344395e+41,41.35987351812591,2.5594670969959773e+42,42.40814955088766,3.506542468735568e+41,41.544879103130945
MCG-01-24-012,1.6811370872081698e+41,41.22560312913879,4.975449360429785e+40,40.69683231039672,3.099918356672278e+41,41.49135025586213,7.214480142025276e+40,40.8582050423479,3.5949709976442997e+40,40.5556953910711,2.706989634476255e+40,40.43248659278625,2.577905463237678e+40,40.41126698689364,6.521713998894191e+40,40.81436174947982
MCG-02-27-009,8.163926665367465e+40,40.9118990948964,2.2899911649901034e+40,40.35983380679253,7.248295508523805e+39,39.86023589094705,3.9755222220075194e+40,40.599394185379786,1.152308624274786e+40,40.06156881230655,3.045244502743311e+39,39.48362216788163,5.882341644437927e+38,38.76955024458202,8.667157985267848e+38,38.937876712971466
MCG-02-51-008,5.067351660358147e+41,41.70478104418678,1.7385911386104568e+41,41.24019746174815,1.5234210488426224e+41,41.182819951869845,2.2152858765534805e+41,41.34542977868479,9.043563855766224e+40,40.956339609444946,6.370210553616904e+40,40.80415378724316,3.888763618718295e+40,40.58981154504864,1.2742149593670746e+41,41.10524269942161
MCG-03-34-064,3.956180259766665e+41,41.59727607161029,1.413319086576707e+41,41.15024022405304,1.7589688443198655e+42,42.24525814709828,4.861780233494136e+41,41.68679532358631,3.7502633531848183e+40,40.574061766079474,6.332072457547043e+40,40.80154587582595,4.834355267361767e+40,40.6843385627008,9.326984118227825e+40,40.96974123725692
MCG-04-49-001,6.051124632748876e+40,40.781836098025416,2.1064196269450494e+40,40.323544892734084,1.7748741512754154e+40,40.249167564521095,3.276709027409819e+40,40.515437877634774,2.2521594409450553e+40,40.352599133013904,1.401787029680278e+40,40.14668203726805,2.201247134559915e+39,39.34266880363944,3.310842517252472e+40,40.51993852369534
MCG-05-23-004,6.002249947867765e+39,39.77831407651362,2.0053959472377165e+39,39.30220013292807,1.7203678378262842e+39,39.235621314848615,3.382706566284364e+39,39.529264326439886,2.5352740224764465e+39,39.40402490647719,1.5612337534760722e+39,39.19346793204679,0.0,-inf,0.0,-inf
MCG-05-23-008,4.969055054363351e+39,39.69627380851324,2.066369138926071e+39,39.31520790705696,7.586747026175391e+38,38.88005560311405,5.1921313171053636e+39,39.71534566791655,2.2237003188114728e+39,39.347076258334454,1.6120327410024267e+39,39.20737385824592,0.0,-inf,0.0,-inf
MCG-06-23-038,1.664135891800086e+41,41.22118878748908,5.249624549137907e+40,40.72012824396437,2.763167222030103e+41,41.44140716845157,1.1619669135356063e+41,41.06519376189812,4.578742524034463e+40,40.66074622257662,4.7736569338933205e+40,40.67885120455957,2.494383484418089e+39,39.39696322234371,5.380705871878201e+39,39.730839252646476
NGC1052,2.845077075657721e+40,40.45409403631261,1.2330682162367528e+40,40.09098710345356,1.5997638313709557e+40,40.20405587371665,3.1114622925444583e+40,40.492964542187245,1.4171981479661342e+40,40.15143057611343,1.4304357096417766e+40,40.15546834338892,1.15426049374356e+40,40.06230383154824,1.8078129369479306e+40,40.25715348993674
NGC1068,9.015438691591804e+41,41.95498686435871,3.1408962225159833e+41,41.49705358723161,1.5473226867968755e+42,42.18958089319605,9.551970399039802e+41,41.98009296793588,1.282879279112677e+41,41.10818579052775,1.3431508600592658e+41,41.12812479450917,1.812505835555169e+41,41.25827941350252,1.954762146468323e+41,41.29109392042207
NGC1097,3.845928468456054e+42,42.585001202407994,1.2913687965532789e+42,42.11105028830457,2.012297659663357e+41,41.30369222210349,5.401949207906573e+42,42.732550496395376,9.41381115807098e+41,41.973765482070185,3.1932635798210025e+40,40.50423476775251,1.6765109727618686e+40,40.22440640023089,3.3182311944271014e+40,40.52090664177454
NGC1125,1.6447027834699773e+41,41.216087427415914,5.64631287366267e+40,40.75176493961687,2.9407881562749394e+41,41.46846374063271,1.1750483409968432e+41,41.07005573366846,4.007745675772931e+40,40.60290015419829,3.680240291348387e+40,40.56587617568431,8.127685871657704e+40,40.90996691014137,4.507828660835572e+40,40.653967400482365
NGC1194,2.706817132885757e+40,40.432458916700966,8.572375065383332e+39,39.93310116438366,4.486439757903899e+40,40.651901840595734,1.4126623150247922e+40,40.15003835983282,8.299840558713354e+39,39.919069749588594,5.91595956368526e+39,39.772025196878545,5.869745065913135e+38,38.76861923942965,3.5501671997947224e+39,39.55024880720672
NGC1204,2.43619070251979e+41,41.38671128141994,8.179394547685159e+40,40.912721157665096,1.98108273166266e+40,40.29690261241605,1.758702046894464e+41,41.24519226904804,4.388431225605081e+40,40.642309296591606,3.163022593295345e+40,40.500102294068256,7.640448631036666e+37,37.88311886018083,0.0,-inf
NGC1217,1.586603478652348e+41,41.20046840214848,4.593623772839775e+40,40.6621554227113,1.6274610700670525e+40,40.2115106087565,9.968776841572458e+40,40.998641874104656,1.7222204140314701e+40,40.23608873275747,8.650803291148431e+39,39.93705643679606,3.870114215473536e+39,39.58772378218117,4.3439406473109577e+39,39.637883882713055
NGC1266,6.536852532865807e+40,40.81536868767587,2.2485613453625213e+40,40.351904740509255,3.2257232253639583e+40,40.508627101163974,1.6739077181762454e+41,41.22373151184628,3.8244498145142104e+40,40.582568966363674,2.9044237639070415e+40,40.46305998148396,8.317945725688171e+39,39.92001608228149,8.929453082910705e+40,40.95082485974546
NGC1320,1.1918625791938235e+41,41.07622618448284,4.199873013216745e+40,40.623236159328144,2.2527224120636728e+41,41.35270767981248,7.309492244041794e+40,40.8638872096159,2.4091814042395926e+40,40.38186950232052,1.985983534970114e+40,40.29797564360485,5.987786432957503e+39,39.77726630191782,1.7942679122341347e+40,40.253887290501744
NGC1346,4.740040967554987e+41,41.67578209524079,1.628776239095086e+41,41.211861425130415,2.7604935276786234e+40,40.44098673321977,1.7107002408567229e+41,41.23317391652711,7.485933743483277e+40,40.87424597894098,5.279976250916107e+40,40.72263196910213,1.6740354933225435e+40,40.223764661775945,3.781206086559478e+40,40.57763034830051
NGC1365,9.302053734061221e+41,41.96857884391973,3.2503966166875338e+41,41.51193635726485,2.5849690573392907e+41,41.4124553488585,4.397772023581945e+41,41.64323271218562,9.511755241246679e+40,40.97826066638528,7.619985618146394e+40,40.88195415165908,6.805296122454313e+40,40.83284702763631,1.3769208888105458e+41,41.138908988521244
NGC1566,5.478975557801285e+40,40.73869936301261,2.035114757969601e+40,40.30858890365841,2.2955243037540144e+40,40.36088189519848,3.8759084794959853e+40,40.58837351365243,9.294088020387283e+39,39.968206781182175,6.7469403636015e+39,39.82910687143094,2.9152195202931345e+39,39.464671263335994,6.780393151283767e+39,39.831254876534146
NGC1667,1.1503187608513465e+42,42.060818202872085,3.995548960501156e+41,41.601576456775845,1.3779857571890452e+41,41.139244728742746,5.074332468328339e+41,41.70537891862677,1.5544595303063621e+41,41.191579419854015,1.1988789538160853e+41,41.07877533627356,9.351188391796685e+40,40.970866806509235,1.162922778530792e+41,41.06555087726378
NGC1672,1.2000334566189508e+42,42.079193354233,4.195557171627625e+41,41.62278964347112,1.692653133616777e+41,41.228567969573625,6.736997600904489e+41,41.82846639269717,1.6543741808573324e+41,41.21863374361,3.9561224695192517e+40,40.59726972756951,4.7760502704981876e+41,41.679068889328406,5.290804915887519e+41,41.72352174839361
NGC1808,6.157229023372387e+41,41.78938530784469,2.1510834044811493e+41,41.33265724971972,3.7329613381026946e+40,40.57205349200624,3.192802746531016e+41,41.504172088367405,7.790954942428138e+40,40.89159069269303,6.711616255609901e+40,40.826827117243255,0.0,-inf,0.0,-inf
NGC2110,1.4408084317092752e+41,41.15860624133986,4.981591934231552e+40,40.697368149541354,2.3286463335616334e+41,41.367103534457485,1.8266167940422557e+41,41.261647446264014,7.254020520196821e+40,40.86057877977979,6.862499857765306e+40,40.8364823484568,9.784587682946582e+40,40.990542529452995,1.2094686501179303e+41,41.08259461576756
NGC2217,1.7720729942143525e+40,40.24848160712868,5.933421055504423e+39,39.77330516842741,1.9578654447912462e+40,40.291782841403446,3.0321680900571474e+40,40.481753273002504,1.293571927418626e+40,40.111790582115205,9.53427105173107e+39,39.979287494412695,1.9032774556017808e+40,40.279502103396574,1.6374985820731146e+40,40.21418093260392
NGC2617,1.873564600623429e+41,41.27266867218861,6.347872589471031e+40,40.802628201283035,4.165006348061582e+40,40.61961566766982,8.933983414575028e+40,40.95104514189391,3.505857860984743e+40,40.54479430438717,2.51236382364331e+40,40.40008253122734,9.926883271954818e+39,39.99681291513589,6.41117022975376e+39,39.80693730844842
NGC2945,5.023237949394071e+40,40.70098375105646,1.6241432921332576e+40,40.21062434278539,1.3557333195836287e+40,40.13217426974968,5.172359478278904e+40,40.71368870066459,1.9889581647525833e+40,40.29862564837925,1.4541483497812027e+40,40.16260871477946,1.4285432465093687e+40,40.1548933923814,7.763654994676783e+39,39.890066227741926
NGC2974,9.04726663386788e+39,39.95651738968789,3.060845671022197e+39,39.48584143285996,7.700250809260894e+39,39.886504871056125,1.794535265649968e+40,40.25395199737346,5.483673421967865e+39,39.73907158264911,3.417611564497819e+39,39.53372270057854,5.470159275959397e+39,39.7379999719757,4.429445592737921e+39,39.64634937157696
NGC2992,2.557567365978885e+41,41.40782708179283,8.788076426516078e+40,40.94389382515674,4.997034165137449e+41,41.698712318760165,1.992265084302821e+41,41.299347123741576,5.784654267457688e+40,40.76227740750173,5.320874702737142e+40,40.72598303217213,0.0,-inf,0.0,-inf
NGC3100,1.8032421998030495e+40,40.25605406225968,6.530869861185747e+39,39.8149710297825,6.168397096283245e+39,39.79017232405286,1.783948025116156e+40,40.251382197162265,8.292028309381409e+39,39.918660776126494,5.4353027006097185e+39,39.735223735642876,0.0,-inf,0.0,-inf
NGC3281,1.1625240394494254e+41,41.06540194228654,4.0414356856313637e+40,40.606535671938815,2.7096350715298943e+41,41.43291080486234,1.0747354718572282e+41,41.03130158308899,3.1079326703640308e+40,40.4924716017614,2.3976903350493395e+40,40.37979309266465,2.8193808149867434e+40,40.45015374017721,1.738293896749991e+40,40.2401232053383
NGC3312,4.596098616863709e+40,40.662389338619434,1.4879305563778976e+40,40.172582662603915,3.4018031815391426e+40,40.531709182984905,5.878551385785671e+40,40.76927031881951,2.8127026986869116e+40,40.44912382987467,2.083966872402189e+40,40.31889081095797,3.0076394250332465e+40,40.4782257690523,5.153532216971981e+40,40.71210499535426
NGC3390,7.091775678013681e+39,39.85075498985308,1.8337283486196766e+39,39.26333499903647,1.3465465006563524e+39,39.1292213556159,1.0352865734272847e+40,40.015060581707225,3.3044744720649656e+39,39.51910240118023,2.5142924018902437e+39,39.40041578295337,2.8600225993247635e+38,38.45636946485046,1.5032823185112902e+38,38.17704054935455
NGC3393,3.940666789426861e+41,41.59556971382241,1.37327981797597e+41,41.137759037616455,1.28768709190163e+42,42.109810342239406,3.849452975690444e+41,41.585399018724566,1.1058076611519033e+41,41.043679594451035,1.0304626030840546e+41,41.0130322352526,1.4971354797362932e+41,41.17526110257391,1.577204142877873e+41,41.19788790917384
NGC3783,1.6205064368340994e+41,41.20965076043826,5.654546211174111e+40,40.75239775764507,4.1244368868343675e+41,41.61536466230787,8.111490258350709e+40,40.90910065094621,1.709728029588809e+40,40.2329270316537,1.3489714976833817e+40,40.130002773593624,1.4558860089231762e+40,40.16312737248137,2.665352054074291e+40,40.42575458110883
NGC3831,2.1067731369092976e+40,40.32361777210882,8.710045074318949e+39,39.94002040247923,9.396436007872565e+39,39.972963160449105,2.513837267858896e+40,40.40033716039911,1.0549143645976298e+40,40.0232172060866,7.692035412755047e+39,39.88604127498515,1.974480650936363e+39,39.295452882193736,4.184531057192453e+39,39.62164679549897
NGC3858,1.2266054152100447e+41,41.088704877676314,3.9892488499287575e+40,40.60089112850838,7.894094016949357e+39,39.89730229444348,4.427806694195007e+40,40.64618865252354,1.104114058914566e+40,40.04301393987737,6.296922954077003e+39,39.799128379529805,3.768655724862028e+38,38.57618646548839,0.0,-inf
NGC424,2.6956806194486583e+41,41.4306684362952,9.182040999358917e+40,40.96293922763231,5.0295011048506285e+41,41.701524907887716,1.8118964354699995e+41,41.2581333706094,2.5804341542401147e+40,40.41169278151679,2.6359637282158537e+40,40.4209394299189,8.37830869058795e+39,39.923156357475335,5.685104230863762e+40,40.75473843146421
NGC4303,8.4082664012423115e+40,40.92470646310066,2.8732552207228502e+40,40.45837420449131,1.6045564625528763e+40,40.205355004039006,5.283836239858167e+40,40.722949349209706,1.3287706621742525e+40,40.123450030794565,9.9780645408059e+39,39.9990463087458,7.290891060036242e+39,39.862780609087274,1.273173126699431e+40,40.104887463243564
NGC4404,1.4235426690992935e+40,40.15337048916941,8.463432104240712e+39,39.927546514536466,3.9896139266234713e+39,39.60093087121321,1.233978599312539e+40,40.091307627864914,6.362298684947238e+39,39.803614053670984,4.0366748327430903e+39,39.60602376698945,3.065080951163127e+39,39.48644194905972,0.0,-inf
NGC4418,5.65507760644556e+39,39.752438569264974,1.4643693861318158e+39,39.1656506410146,7.161327937804283e+38,38.85499356177527,4.187973307530619e+39,39.622003904996035,1.7174059414580763e+39,39.23487296103038,1.3187380111050273e+39,39.120158524407,0.0,-inf,7.856087847944574e+38,38.895206331151634
NGC4472,4.1370106884031523e+37,37.61668664294253,9.671739420192198e+37,37.98550458707758,1.5178536787716682e+39,39.181229907550964,4.177498257764197e+38,38.6209162774419,1.0517297405359384e+39,39.021904154957454,2.8888411028493353e+38,38.460723654667476,2.084938796244267e+38,38.31909331070377,2.5231384673650733e+38,38.40194108482691
NGC4507,4.62340399292526e+41,41.66496184373712,1.6075918369228843e+41,41.2061757922523,1.0029868621163232e+42,42.001295244338706,2.2364964173375763e+41,41.34956820680925,9.03887573098783e+40,40.95611441563107,7.532809977408773e+40,40.87695701206239,1.7008217818967195e+41,41.23065880908948,1.3983319984239855e+41,41.145610295848606
NGC4593,1.4720394109987576e+40,40.167919437549145,5.861917303388459e+39,39.76803968736489,5.224404367185747e+39,39.71803678381851,1.294653920550713e+40,40.11215369082495,1.670425505561856e+39,39.22282711257229,9.904389795501923e+38,38.9958277240331,1.1885311799120067e+38,38.075010579489614,0.0,-inf
NGC4594,2.1680938223068895e+40,40.33607807197544,1.4612476951625133e+40,40.164723839154334,4.468245277903991e+39,39.65013700506946,2.172636972146067e+40,40.33698716572924,3.3029678871007053e+39,39.51890435131092,1.5154943025953493e+39,39.18055430800417,3.174479395794418e+39,39.50167251259738,1.0276279458159974e+39,39.011835906171044
NGC4636,4.7910880370426244e+39,39.68043415116508,5.872035236951867e+39,39.768788653033326,3.362916306495769e+38,38.52671605908408,3.363949468167698e+39,39.52684946338606,6.2695334052280495e+38,38.79723522072305,3.155358364905185e+38,38.49904869069979,2.2507486993369026e+38,38.35232700784645,3.493577550092479e+38,38.54327038812376
NGC4691,1.4162534689796814e+41,41.15114098663625,4.874908888006728e+40,40.68796650315134,1.6092573294612168e+40,40.206625495826366,4.978478948305903e+40,40.69709667503687,2.1027529818416162e+40,40.32278825750607,1.5905587901213695e+40,40.20154972610194,3.565126872510128e+40,40.55207498974205,4.081137330470755e+40,40.61078120904971
NGC4696,1.2654112674054845e+40,40.102231697161415,1.732874711756822e+39,39.23876716400669,2.409709337924616e+39,39.38196466060461,2.641995617609774e+40,40.42193209289642,6.452289830100335e+39,39.80971386720828,3.380983426878879e+39,39.52904304191848,4.614540357841578e+38,38.66412844859172,5.327915752232972e+38,38.72655734892696
NGC4845,3.9269580130196073e+40,40.59405625782469,1.3179814163153164e+40,40.119909286700626,1.3092392404924673e+40,40.11701901349661,2.7019749013759775e+40,40.43168131054666,5.236771992893997e+39,39.71906366529281,3.6124562239513814e+39,39.5578025929794,9.700004415690352e+38,38.986771931968256,2.025538442711786e+39,39.306540490076586
NGC4939,8.66765976889302e+40,40.93790185564821,2.7090647369902377e+40,40.432819383247164,2.2815895496872466e+41,41.35823751898718,9.488989779510068e+40,40.97721997886167,1.8211950118622463e+40,40.26035645213271,1.84432992879374e+40,40.26583861380962,2.9870322003354853e+40,40.475239904342544,2.2350472745903104e+40,40.34928671354248
NGC4968,1.0792683815006658e+41,41.03312945405411,3.7063143131548756e+40,40.56894224679088,3.530732971809156e+41,41.54786487325411,1.1735379334575983e+41,41.069497132302786,1.992920079643454e+40,40.29948988291234,2.075889475079504e+40,40.31720422699873,2.7715729025047597e+40,40.442726306612094,9.254183147290026e+39,39.966338090265495
NGC4990,2.7657761836282187e+41,41.44181703255273,9.531233489968316e+40,40.979149108741304,1.3786295029364007e+41,41.13944756824302,1.005450981196965e+41,41.00236090226782,4.682623701069668e+40,40.670489258974634,4.297146707771668e+40,40.633180181072326,1.7178501342705129e+41,41.2349852731749,1.5053936068175023e+41,41.17765006731817
NGC5128,7.738071168711941e+40,40.88863271970375,2.6584571183270447e+40,40.4246296594126,2.7648130989679427e+40,40.44166577837838,4.740380598614979e+40,40.67581321197843,2.329621476155215e+40,40.36728536129568,1.6837071571905256e+40,40.22626655802134,1.2725087682945979e+38,38.10466078355012,3.718401794727713e+38,38.5703563159913
NGC5135,8.99787921534122e+41,41.95414015903816,3.0687456209187017e+41,41.486960889731904,7.763149271180594e+41,41.890037936933325,7.923391762343329e+41,41.898911129613026,1.6065970802655027e+41,41.205906973367,1.4715652216305382e+41,41.167779515342545,2.2521245411322578e+41,41.35259240306696,1.8815639501502605e+41,41.27451898360481
NGC5252,2.9400686165840723e+41,41.468357466281574,9.648208550433886e+40,40.98444668237109,8.563690240954005e+41,41.932660949949195,1.951834422707338e+41,41.29044297298511,8.535727935245526e+40,40.93124056408926,6.520540809048936e+40,40.81428361730331,1.683036608539755e+41,41.22609356262698,2.321100678346623e+41,41.36569397850077
NGC5253,6.683075449564705e+40,40.824976364182895,2.4736803624022004e+40,40.393343581383164,8.522037512996461e+40,40.93054344158134,5.3005337256222794e+39,39.724319602133285,6.453607650422972e+39,39.809802558769185,4.8879378991784337e+39,39.68912567959631,2.2535486687485906e+40,40.35286694174612,3.2548724937860984e+40,40.5125339802069
NGC5427,1.7270026914882126e+41,41.2372930144045,5.757569173247659e+40,40.76023916441817,3.559970371327483e+40,40.55144638347217,7.216231854736062e+40,40.85831047847164,2.1888595366428546e+40,40.34021789294381,1.5790961819246384e+40,40.19840858346426,3.6681105052216303e+39,39.564442410718016,8.642700279801496e+38,38.936649452363106
NGC5506,1.6105784457409498e+41,41.206981882662525,5.509283857273197e+40,40.74109514929681,3.632232990581539e+41,41.56017369868124,1.4941054376914967e+41,41.17438124633604,5.541239096157052e+40,40.7436068897198,5.888127880824717e+40,40.76997723362112,1.187524137183601e+40,40.07464244569826,6.198284218504847e+40,40.79227148666581
NGC5597,4.5248641310594516e+41,41.65560554309547,1.5504368514408468e+41,41.19045408232486,4.2394596203808988e+40,40.62731050309203,1.959789521203995e+41,41.29220943120947,5.134838561648021e+40,40.71052679401166,4.2231656523643527e+40,40.62563811682552,0.0,-inf,0.0,-inf
NGC5643,7.32842086358143e+40,40.865010402455994,2.3554892617220734e+40,40.372081128703535,1.2166108985276095e+41,41.085151702599696,5.884222504355228e+40,40.76968908665689,1.9631213078308784e+40,40.29294713693765,1.4225811050495817e+40,40.15307703603117,2.8448382218618544e+40,40.454057574298616,1.5301232021895435e+40,40.1847264006718
NGC5664,4.390347679824046e+41,41.642498914194306,1.5045080391835468e+41,41.17739451269007,2.0852766626321196e+41,41.31916368285103,2.211708691119614e+41,41.34472792454468,7.933873006133186e+40,40.899485244641156,5.447893574924036e+40,40.73622861500703,5.563854871052192e+40,40.74537579322453,1.039317303014673e+41,41.01674815767329
NGC5728,2.8613080857081816e+41,41.456564622125235,9.854572875425845e+40,40.99363780549364,4.7199513134189755e+41,41.67393751888355,2.522440614388976e+41,41.40182095047019,7.29676700469065e+40,40.86313047888352,5.445516031835072e+40,40.736039040962225,6.27704860990594e+40,40.797755491870745,2.4293427530439365e+40,40.38548879321361
NGC5757,2.8562865458664837e+41,41.45580177419873,9.800271124058262e+40,40.99123809059593,8.938927948186938e+39,39.9512854366813,1.305044745589342e+41,41.1156254024248,3.169663161515919e+40,40.501013112417255,2.1768981028733557e+40,40.337838100885136,4.6520501638435156e+39,39.66764438915249,7.62967485843309e+39,39.88250603072066
NGC5990,8.488280656533389e+41,41.92881973064454,2.938920332329221e+41,41.4681878134633,1.7826761826267294e+41,41.25107246214885,4.0465169190554794e+41,41.60708136057858,1.2398736717043164e+41,41.093377438003685,9.52125903935696e+40,40.97869438091505,4.377985495370068e+40,40.64127431838057,6.859259093732212e+40,40.83627720770657
NGC6000,4.556434584248306e+41,41.658625139581765,1.5796162606169146e+41,41.19855159572787,2.4142590435786654e+40,40.382783866905086,2.3712198217713038e+41,41.3749718167184,5.298171835137014e+40,40.72412603962403,4.434900655812356e+40,40.64688389584402,0.0,-inf,0.0,-inf
NGC613,1.605420432990166e+41,41.20558878615938,5.603580936478927e+40,40.748465649136946,2.608460347101069e+40,40.41638423911625,9.413824825866345e+40,40.97376611261649,2.7398794439978727e+40,40.43773145407647,2.1326788565740556e+40,40.32892546336402,3.923944358393812e+40,40.5937228404475,3.7793969911882805e+40,40.57742251298794
NGC6221,4.566826206544716e+41,41.6596144845707,1.5899513807946473e+41,41.20138384421011,4.90701768959082e+40,40.69081762359694,2.1786142281096443e+41,41.33818033559936,5.716287476367184e+40,40.75711406166206,4.907701260430308e+40,40.69087811866472,0.0,-inf,0.0,-inf
NGC6300,1.2550274995940706e+40,40.098653241985275,4.6683005341084755e+39,39.669158807121306,3.059805585529974e+40,40.485693833078365,1.7852145469777867e+40,40.2516904170697,3.041180579551611e+39,39.48304220849481,2.7818547964098393e+39,39.44433445751666,0.0,-inf,0.0,-inf
NGC6328,2.717389889905444e+41,41.43415195526972,9.433302877420798e+40,40.97466377866441,1.1131862352344532e+41,41.04656782755899,1.0634288289368844e+41,41.0267084296085,7.377575312079103e+40,40.867913651578085,6.397778498149073e+40,40.80602920000304,4.563443881718759e+40,40.65929271422636,8.855759687454543e+40,40.94722582288552
NGC6812,2.820337897813501e+40,40.45030114320049,1.2643132963813486e+40,40.10185470529926,1.0304375508760406e+40,40.01302167672488,2.834746903644197e+40,40.45251428959312,1.2195635029109488e+40,40.08620441903743,9.054599424335729e+39,39.95686924187827,8.630870718333084e+39,39.93605461136899,4.668300923382088e+39,39.66915884333564
NGC6860,5.877775166851136e+41,41.7692129696809,2.0353545389284585e+41,41.30864007001778,3.056646809944777e+41,41.48524525967683,1.4830104595264972e+41,41.171144214075326,4.377467251837813e+40,40.64122290577791,4.27698266582543e+40,40.63113749010913,5.404001656497397e+38,38.732715473475004,4.555584828082451e+41,41.65854413790735
NGC6890,1.5895649171070806e+41,41.20127826900177,5.474939003008634e+40,40.73837928500908,2.0492233652754784e+40,40.311589299064714,6.172176487094201e+40,40.79043833577661,2.182706540039283e+40,40.33899534972253,1.9386009479662389e+40,40.287488420769186,2.775356312282264e+38,38.4433187476476,2.498790401828571e+38,38.3977298290969
NGC6915,3.692421643408981e+41,41.56731128795253,1.2771179850766394e+41,41.1062310209132,2.9875209461737904e+40,40.47531095890207,1.7226240666830102e+41,41.23619051042608,8.09990129695843e+40,40.90847972672464,5.840046989530548e+40,40.766416341497965,1.3289649727688013e+40,40.123513534491494,2.453389934540767e+40,40.38976657917293
NGC6926,7.334787242336203e+41,41.86538752093057,2.2887024339768583e+41,41.35958933147642,9.10594637754482e+40,40.95932508853697,2.8643512779516422e+41,41.45702627785402,1.2553787497148543e+41,41.09877477290503,8.320853782863157e+40,40.92016789049294,8.045066303580657e+39,39.90552962769677,2.363077889898715e+40,40.37347803673847
NGC6936,3.015173914485414e+40,40.479312367196904,1.2681757096180796e+40,40.10317943054164,6.10692467143931e+39,39.78582256303172,2.7753666960553604e+40,40.44332037252254,1.7291038671994236e+40,40.237821082109484,1.0713914278782079e+40,40.02994816729343,4.7406608458822355e+38,38.67583888633973,8.251418824947338e+39,39.91652863156397
NGC7130,8.399314916859539e+41,41.92424386463795,2.9240690236048522e+41,41.46598762006999,4.035336133100751e+41,41.605879716176,5.1228683185606185e+41,41.70951319264044,1.1624323262488517e+41,41.065367678816024,7.818809455108787e+40,40.89314062947427,1.125284211628896e+41,41.051262225517014,2.0808296056469866e+40,40.31823651829088
NGC7172,4.799293524250776e+40,40.68117731214624,1.540914511487883e+40,40.18777854513052,2.2407603050527117e+40,40.350395402380464,3.510291699548906e+40,40.545343207132696,9.247928244591243e+39,39.9660444513642,5.608334655759319e+39,39.748833920581504,4.394850992772795e+37,37.642944154924336,4.39170438172589e+39,39.64263309881314
NGC7213,1.8035365133177909e+40,40.25612493920881,1.1730711378487164e+40,40.06932434957364,1.0406846694727134e+40,40.01731915693278,2.0687603513645413e+40,40.31571018418529,8.39149076714526e+39,39.923839121070976,6.044450987229123e+39,39.781356860358926,6.84623823543186e+39,39.83545200764633,4.788364001335893e+39,39.680187157140146
NGC7469,3.1720090173723893e+42,42.501334413257645,1.1123587682841441e+42,42.04624488253072,1.8606343041018144e+42,42.26966102368578,1.9466187718584318e+42,42.28928090709814,4.571870865965155e+41,41.66009395510234,4.129854217535864e+41,41.615934721477906,4.45151220134511e+40,40.648507568090594,5.073879889855143e+41,41.70534018228056
NGC7496,8.4002340190936e+40,40.92429138508394,2.8723675171221693e+40,40.45824000675644,1.0549342407334362e+40,40.02322538875533,3.8443584731313724e+40,40.58482387734307,1.1657700590726678e+40,40.06661289697201,9.732559372531229e+39,39.9882270617695,4.812979436129586e+39,39.68241400612063,1.217388402045777e+40,40.08542915995066
NGC7582,3.116313161421963e+41,41.49364109387975,1.08715390995124e+41,41.03629103213674,2.2426812686329988e+41,41.35076755574532,2.1728063729589693e+41,41.337021026411556,5.163173959601853e+40,40.712916757707,4.440082525423152e+40,40.64739104218733,0.0,-inf,0.0,-inf
NGC7590,1.26846566102274e+41,41.103278714813406,4.417819739894067e+40,40.64520799139815,2.257723643371163e+40,40.353670781032626,5.298519316369112e+40,40.72415452194546,2.530476704614928e+40,40.4032023435797,1.782673456211666e+40,40.25107179794077,2.904116415643603e+40,40.463014021689986,4.785169895774565e+40,40.679897361859474
NGC7591,3.3666158511594027e+41,41.52719356389636,1.0931580458695036e+41,41.0386829556249,1.3724728209653622e+40,40.13750375288778,1.868177202790421e+41,41.27141806811681,6.216792354103194e+40,40.79356636182317,3.841929143190965e+40,40.58454935089399,0.0,-inf,7.836134486385619e+38,38.89410188089518
NGC7679,2.0073624372528267e+42,42.30262579315917,7.032751674322224e+41,41.84712528279439,9.795211073234005e+41,41.99101379887625,9.744336828241373e+41,41.988752287616215,3.832716888997743e+41,41.58350674044218,2.0895526622773303e+41,41.32005332099209,4.264346641052474e+41,41.62985250046912,1.1121709560196206e+42,42.04617154943077
NGC7682,1.95961092334753e+41,41.29216985165403,7.043035625807596e+40,40.84775988519093,5.5594439946267735e+41,41.7450313595425,1.9809915718423623e+41,41.29688262783025,6.663657402583189e+40,40.82371266066878,7.058827430036565e+40,40.84873256465543,3.237730410505488e+40,40.510240684409915,4.766569232734446e+40,40.67820590537793
NGC7714,2.0899653203596232e+42,42.320139079746745,7.442614221455918e+41,41.871725508467215,1.1525837145190483e+42,42.06167247890621,5.952827373776611e+41,41.77472328861537,2.3843647144383774e+41,41.37737268619968,1.966211453512333e+41,41.29363022161177,2.0964397194840196e+42,42.32148237932159,1.6418697647667885e+42,42.21533870534962
NGC833,2.236784247618588e+40,40.3496240955908,6.856427311404574e+39,39.836097876184986,7.365067992836182e+39,39.86717676051704,2.439273380797839e+40,40.38726047645908,9.039487582921976e+39,39.956143812531025,6.155149253343616e+39,39.789238588399364,8.734278986674876e+39,39.941227059859,6.067099043083968e+38,38.78298108469413
NGC835,6.843327273599354e+41,41.835267310085385,2.3425479794824884e+41,41.369688494761995,5.453118081417099e+40,40.73664490196935,3.3767903504518175e+41,41.52850409810409,1.3412194236919873e+41,41.127499834304324,8.484888081494807e+40,40.92864611820234,8.76345389037322e+40,40.94267530592801,1.254151922242037e+41,41.098350148133484
PKS0056-572,3.264710549755805e+42,42.51384468263521,4.0603540427462617e+42,42.608563903554376,0.0,-inf,0.0,-inf,0.0,-inf,0.0,-inf,0.0,-inf,0.0,-inf
PKS1306-241,6.813075398834797e+40,40.83334319520928,2.261269993575292e+40,40.35435241980642,5.455412753450703e+40,40.7368276146429,2.5497958737645673e+40,40.40650541398451,1.2100764747407472e+40,40.08281281784406,1.0804041628832993e+40,40.03358624888987,8.849282738025863e+39,39.94690807120164,1.0599644407908555e+40,40.02529129599368
PKS1521-300,2.640738005120727e+40,40.42172531579438,7.797585374119308e+39,39.89196013845399,8.362056038306108e+39,39.92231307364797,1.259991272921832e+40,40.1003675370739,6.204138068091181e+39,39.79268145412269,4.954273315134064e+39,39.694979961874424,0.0,-inf,0.0,-inf
UGC3255,7.667769445978602e+40,40.8846690460625,2.086444271402587e+40,40.31940678926553,4.814098382731038e+40,40.68251496143561,1.1624665041145565e+41,41.06538044776604,2.88784540631217e+40,40.46057394063493,2.1668461540608867e+40,40.33582807753381,0.0,-inf,2.600876426022023e+40,40.41511971829674
